trading_date,delivery_date,open,close
2015-11-30,2016-01-01,17.85,18.15
2015-12-01,2016-01-01,18.05,18.1
2015-12-02,2016-01-01,18.15,17.675
2015-12-03,2016-01-01,17.64,17.375
2015-12-04,2016-01-01,17.35,17.45
2015-12-07,2016-01-01,17.2,16.875
2015-12-08,2016-01-01,16.8,16.8
2015-12-09,2016-01-01,16.65,16.55
2015-12-10,2016-01-01,16.45,16.48
2015-12-11,2016-01-01,16.45,16.2
2015-12-14,2016-01-01,16.0,15.9
2015-12-15,2016-01-01,15.85,16.05
2015-12-16,2016-01-01,15.925,15.6
2015-12-17,2016-01-01,15.5,15.7
2015-12-18,2016-01-01,15.6,15.37
2015-12-21,2016-01-01,15.115,15.1
2015-12-22,2016-01-01,15.125,14.975
2015-12-23,2016-01-01,14.925,14.525
2015-12-24,2016-01-01,14.5,14.4
2015-12-29,2016-01-01,14.95,15.4
2015-12-30,2016-01-01,15.175,14.9
2015-12-31,2016-02-01,14.925,14.8
2016-01-04,2016-02-01,14.75,14.6
2016-01-05,2016-02-01,15.1,14.8
2016-01-06,2016-02-01,15.175,15.3
2016-01-07,2016-02-01,15.0,15.425
2016-01-08,2016-02-01,15.05,14.6
2016-01-11,2016-02-01,14.775,14.575
2016-01-12,2016-02-01,14.15,14.0
2016-01-13,2016-02-01,14.375,14.3
2016-01-14,2016-02-01,13.925,13.775
2016-01-15,2016-02-01,13.725,13.325
2016-01-18,2016-02-01,13.3,13.4
2016-01-19,2016-02-01,13.4,13.35
2016-01-20,2016-02-01,13.0,12.75
2016-01-21,2016-02-01,12.6,12.775
2016-01-22,2016-02-01,12.995,13.5
2016-01-25,2016-02-01,13.1,12.7
2016-01-26,2016-02-01,12.3,13.05
2016-01-27,2016-02-01,12.85,13.5
2016-01-28,2016-02-01,13.55,13.59
2016-01-29,2016-03-01,14.0,13.4
2016-02-01,2016-03-01,13.315,12.8
2016-02-02,2016-03-01,12.7,12.85
2016-02-03,2016-03-01,12.7,12.85
2016-02-04,2016-03-01,12.775,12.325
2016-02-05,2016-03-01,12.3,12.275
2016-02-08,2016-03-01,12.4,12.2
2016-02-09,2016-03-01,12.325,12.01
2016-02-10,2016-03-01,11.905,12.005
2016-02-11,2016-03-01,11.95,11.925
2016-02-12,2016-03-01,11.95,11.95
2016-02-15,2016-03-01,12.05,11.875
2016-02-16,2016-03-01,12.055,11.775
2016-02-17,2016-03-01,11.6,11.93
2016-02-18,2016-03-01,12.05,12.075
2016-02-19,2016-03-01,11.925,12.075
2016-02-22,2016-03-01,12.2,12.48
2016-02-23,2016-03-01,12.4,12.35
2016-02-24,2016-03-01,12.15,12.1
2016-02-25,2016-03-01,12.025,11.95
2016-02-26,2016-03-01,12.1,12.175
2016-02-29,2016-04-01,12.07,12.175
2016-03-01,2016-04-01,12.225,12.195
2016-03-02,2016-04-01,12.3,12.175
2016-03-03,2016-04-01,12.025,12.0
2016-03-04,2016-04-01,11.9,11.825
2016-03-07,2016-04-01,11.825,11.875
2016-03-08,2016-04-01,11.805,11.95
2016-03-09,2016-04-01,11.985,12.1
2016-03-10,2016-04-01,12.045,11.875
2016-03-11,2016-04-01,11.805,12.05
2016-03-14,2016-04-01,12.05,12.0
2016-03-15,2016-04-01,11.9,12.025
2016-03-16,2016-04-01,12.05,11.94
2016-03-17,2016-04-01,11.85,12.055
2016-03-18,2016-04-01,12.0,12.075
2016-03-21,2016-04-01,11.855,11.925
2016-03-22,2016-04-01,11.925,11.925
2016-03-23,2016-04-01,11.9,11.99
2016-03-24,2016-04-01,11.925,12.05
2016-03-29,2016-04-01,11.975,12.05
2016-03-30,2016-04-01,12.1,12.055
2016-03-31,2016-05-01,11.885,11.935
2016-04-01,2016-05-01,11.8,11.555
2016-04-04,2016-05-01,11.5,11.3
2016-04-05,2016-05-01,11.15,11.35
2016-04-06,2016-05-01,11.31,11.35
2016-04-07,2016-05-01,11.25,11.1
2016-04-08,2016-05-01,11.15,11.2
2016-04-11,2016-05-01,11.125,11.175
2016-04-12,2016-05-01,11.27,11.25
2016-04-13,2016-05-01,11.3,11.275
2016-04-14,2016-05-01,11.23,11.2
2016-04-15,2016-05-01,11.2,11.21
2016-04-18,2016-05-01,11.1,11.425
2016-04-19,2016-05-01,11.4,11.675
2016-04-20,2016-05-01,11.575,11.925
2016-04-21,2016-05-01,12.0,12.55
2016-04-22,2016-05-01,12.45,12.975
2016-04-25,2016-05-01,12.65,12.825
2016-04-26,2016-05-01,12.875,13.975
2016-04-27,2016-05-01,13.65,13.875
2016-04-28,2016-05-01,13.9,12.65
2016-04-29,2016-06-01,12.75,12.55
2016-05-02,2016-06-01,12.35,12.25
2016-05-03,2016-06-01,12.175,12.225
2016-05-04,2016-06-01,12.1,12.395
2016-05-05,2016-06-01,12.905,12.75
2016-05-06,2016-06-01,12.75,12.875
2016-05-09,2016-06-01,13.0,12.975
2016-05-10,2016-06-01,12.7,13.025
2016-05-11,2016-06-01,13.0,13.175
2016-05-12,2016-06-01,13.4,12.875
2016-05-13,2016-06-01,12.875,12.825
2016-05-16,2016-06-01,12.85,13.125
2016-05-17,2016-06-01,13.3,13.15
2016-05-18,2016-06-01,13.06,13.125
2016-05-19,2016-06-01,12.95,13.0
2016-05-20,2016-06-01,13.1,13.05
2016-05-23,2016-06-01,12.825,12.88
2016-05-24,2016-06-01,12.99,13.0
2016-05-25,2016-06-01,13.1,13.255
2016-05-26,2016-06-01,13.45,13.55
2016-05-27,2016-06-01,13.475,13.755
2016-05-31,2016-07-01,14.075,14.15
2016-06-01,2016-07-01,14.21,14.1
2016-06-02,2016-07-01,14.3,14.5
2016-06-03,2016-07-01,14.4,14.175
2016-06-06,2016-07-01,14.325,14.48
2016-06-07,2016-07-01,14.35,14.675
2016-06-08,2016-07-01,14.48,14.425
2016-06-09,2016-07-01,14.35,14.1
2016-06-10,2016-07-01,14.075,13.925
2016-06-13,2016-07-01,13.75,13.8
2016-06-14,2016-07-01,13.575,14.175
2016-06-15,2016-07-01,14.35,14.05
2016-06-16,2016-07-01,13.8,14.275
2016-06-17,2016-07-01,14.275,14.475
2016-06-20,2016-07-01,14.7,15.225
2016-06-21,2016-07-01,15.2,14.75
2016-06-22,2016-07-01,15.2,15.315
2016-06-23,2016-07-01,15.3,15.225
2016-06-24,2016-07-01,14.75,14.6
2016-06-27,2016-07-01,14.55,14.225
2016-06-28,2016-07-01,14.225,14.175
2016-06-29,2016-07-01,14.35,14.425
2016-06-30,2016-08-01,14.575,14.2
2016-07-01,2016-08-01,14.265,14.375
2016-07-04,2016-08-01,14.4,14.525
2016-07-05,2016-08-01,14.325,14.195
2016-07-06,2016-08-01,14.05,14.2
2016-07-07,2016-08-01,14.35,14.325
2016-07-08,2016-08-01,14.1,14.15
2016-07-11,2016-08-01,14.1,14.05
2016-07-12,2016-08-01,14.15,14.35
2016-07-13,2016-08-01,14.25,14.225
2016-07-14,2016-08-01,14.4,14.325
2016-07-15,2016-08-01,14.2,14.175
2016-07-18,2016-08-01,14.225,14.3
2016-07-19,2016-08-01,14.35,14.4
2016-07-20,2016-08-01,14.45,14.65
2016-07-21,2016-08-01,14.775,14.95
2016-07-22,2016-08-01,14.955,14.8
2016-07-25,2016-08-01,14.845,14.82
2016-07-26,2016-08-01,14.8,14.575
2016-07-27,2016-08-01,14.425,14.41
2016-07-28,2016-08-01,14.375,14.1
2016-07-29,2016-09-01,14.495,14.375
2016-08-01,2016-09-01,14.325,14.0
2016-08-02,2016-09-01,13.9,13.8
2016-08-03,2016-09-01,13.605,13.7
2016-08-04,2016-09-01,13.805,13.725
2016-08-05,2016-09-01,13.675,13.2
2016-08-08,2016-09-01,13.3,13.0
2016-08-09,2016-09-01,12.875,12.85
2016-08-10,2016-09-01,12.875,12.825
2016-08-11,2016-09-01,12.7,12.7
2016-08-12,2016-09-01,12.795,12.2
2016-08-15,2016-09-01,12.005,11.6
2016-08-16,2016-09-01,11.795,11.95
2016-08-17,2016-09-01,11.8,12.0
2016-08-18,2016-09-01,12.05,11.675
2016-08-19,2016-09-01,11.45,10.8
2016-08-22,2016-09-01,10.975,11.375
2016-08-23,2016-09-01,11.45,11.525
2016-08-24,2016-09-01,11.175,11.1
2016-08-25,2016-09-01,10.875,11.125
2016-08-26,2016-09-01,11.09,11.5
2016-08-29,2016-09-01,11.8,11.8
2016-08-30,2016-09-01,11.3,11.475
2016-08-31,2016-10-01,12.85,12.8
2016-09-01,2016-10-01,12.605,12.575
2016-09-02,2016-10-01,12.355,12.7
2016-09-05,2016-10-01,12.9,12.45
2016-09-06,2016-10-01,12.48,12.4
2016-09-07,2016-10-01,12.2,12.025
2016-09-08,2016-10-01,11.995,12.0
2016-09-09,2016-10-01,11.85,11.875
2016-09-12,2016-10-01,11.605,11.825
2016-09-13,2016-10-01,11.895,12.05
2016-09-14,2016-10-01,12.25,11.95
2016-09-15,2016-10-01,12.0,12.6
2016-09-16,2016-10-01,12.55,12.6
2016-09-19,2016-10-01,12.75,13.45
2016-09-20,2016-10-01,13.25,13.0
2016-09-21,2016-10-01,13.0,13.375
2016-09-22,2016-10-01,13.65,13.53
2016-09-23,2016-10-01,13.325,13.985
2016-09-26,2016-10-01,13.65,13.725
2016-09-27,2016-10-01,13.855,13.275
2016-09-28,2016-10-01,13.425,13.925
2016-09-29,2016-10-01,14.45,14.1
2016-09-30,2016-11-01,15.75,15.185
2016-10-03,2016-11-01,15.725,15.525
2016-10-04,2016-11-01,15.4,16.05
2016-10-05,2016-11-01,16.4,16.05
2016-10-06,2016-11-01,15.95,16.45
2016-10-07,2016-11-01,16.675,16.03
2016-10-10,2016-11-01,15.505,15.825
2016-10-11,2016-11-01,15.84,15.3
2016-10-12,2016-11-01,15.5,15.45
2016-10-13,2016-11-01,15.65,15.9
2016-10-14,2016-11-01,16.025,16.175
2016-10-17,2016-11-01,16.35,16.325
2016-10-18,2016-11-01,16.5,16.8
2016-10-19,2016-11-01,16.95,16.67
2016-10-20,2016-11-01,16.75,16.975
2016-10-21,2016-11-01,16.8,16.85
2016-10-24,2016-11-01,17.1,17.3
2016-10-25,2016-11-01,17.5,17.525
2016-10-26,2016-11-01,17.65,17.1
2016-10-27,2016-11-01,17.0,17.4
2016-10-28,2016-11-01,17.25,17.4
2016-10-31,2016-12-01,17.825,17.975
2016-11-01,2016-12-01,18.4,18.475
2016-11-02,2016-12-01,18.305,18.92
2016-11-03,2016-12-01,19.0,18.675
2016-11-04,2016-12-01,18.45,18.125
2016-11-07,2016-12-01,18.1,17.8
2016-11-08,2016-12-01,17.505,17.675
2016-11-09,2016-12-01,17.275,18.04
2016-11-10,2016-12-01,18.175,18.075
2016-11-11,2016-12-01,18.22,18.0
2016-11-14,2016-12-01,17.805,17.5
2016-11-15,2016-12-01,17.65,17.95
2016-11-16,2016-12-01,18.275,17.575
2016-11-17,2016-12-01,17.3,17.75
2016-11-18,2016-12-01,17.58,17.9
2016-11-21,2016-12-01,17.38,17.4
2016-11-22,2016-12-01,17.67,17.65
2016-11-23,2016-12-01,17.72,17.625
2016-11-24,2016-12-01,17.575,17.72
2016-11-25,2016-12-01,17.75,17.625
2016-11-28,2016-12-01,17.75,18.02
2016-11-29,2016-12-01,18.2,18.05
2016-11-30,2017-01-01,17.825,18.175
2016-12-01,2017-01-01,17.9,17.975
2016-12-02,2017-01-01,17.85,17.5
2016-12-05,2017-01-01,17.555,16.75
2016-12-06,2017-01-01,16.77,16.275
2016-12-07,2017-01-01,16.45,16.175
2016-12-08,2017-01-01,15.85,16.4
2016-12-09,2017-01-01,16.475,16.45
2016-12-12,2017-01-01,16.875,16.95
2016-12-13,2017-01-01,16.795,17.19
2016-12-14,2017-01-01,16.9,17.025
2016-12-15,2017-01-01,17.25,17.1
2016-12-16,2017-01-01,17.1,17.6
2016-12-19,2017-01-01,17.09,17.35
2016-12-20,2017-01-01,17.45,17.5
2016-12-21,2017-01-01,17.375,17.7
2016-12-22,2017-01-01,17.75,18.15
2016-12-23,2017-01-01,18.045,17.975
2016-12-27,2017-01-01,18.095,18.5
2016-12-28,2017-01-01,18.6,18.725
2016-12-29,2017-01-01,18.75,19.0
2016-12-30,2017-02-01,19.3,19.655
2017-01-02,2017-02-01,19.45,19.2
2017-01-03,2017-02-01,19.0,18.25
2017-01-04,2017-02-01,18.525,18.925
2017-01-05,2017-02-01,18.75,18.8
2017-01-06,2017-02-01,19.25,18.625
2017-01-09,2017-02-01,19.1,19.175
2017-01-10,2017-02-01,19.65,19.95
2017-01-11,2017-02-01,20.225,20.5
2017-01-12,2017-02-01,20.89,20.2
2017-01-13,2017-02-01,19.97,19.9
2017-01-16,2017-02-01,19.805,18.925
2017-01-17,2017-02-01,19.025,19.75
2017-01-18,2017-02-01,20.0,19.725
2017-01-19,2017-02-01,19.95,19.85
2017-01-20,2017-02-01,19.775,20.66
2017-01-23,2017-02-01,20.75,21.175
2017-01-24,2017-02-01,20.925,20.575
2017-01-25,2017-02-01,20.295,19.85
2017-01-26,2017-02-01,19.8,20.0
2017-01-27,2017-02-01,19.7,19.57
2017-01-30,2017-02-01,19.8,20.635
2017-01-31,2017-03-01,20.65,20.8
2017-02-01,2017-03-01,21.3,21.75
2017-02-02,2017-03-01,21.7,21.855
2017-02-03,2017-03-01,22.2,22.25
2017-02-06,2017-03-01,21.805,22.0
2017-02-07,2017-03-01,21.6,21.2
2017-02-08,2017-03-01,20.6,20.15
2017-02-09,2017-03-01,20.395,19.975
2017-02-10,2017-03-01,19.845,19.8
2017-02-13,2017-03-01,19.575,18.975
2017-02-14,2017-03-01,19.25,18.7
2017-02-15,2017-03-01,18.65,18.925
2017-02-16,2017-03-01,19.195,18.9
2017-02-17,2017-03-01,18.8,18.475
2017-02-20,2017-03-01,18.55,18.475
2017-02-21,2017-03-01,18.6,18.125
2017-02-22,2017-03-01,18.175,17.975
2017-02-23,2017-03-01,17.805,18.3
2017-02-24,2017-03-01,18.0,17.65
2017-02-27,2017-03-01,17.6,17.325
2017-02-28,2017-04-01,17.375,16.975
2017-03-01,2017-04-01,16.95,17.15
2017-03-02,2017-04-01,17.05,16.75
2017-03-03,2017-04-01,16.845,16.825
2017-03-06,2017-04-01,16.55,16.7
2017-03-07,2017-04-01,16.8,16.475
2017-03-08,2017-04-01,16.255,16.27
2017-03-09,2017-04-01,16.0,16.175
2017-03-10,2017-04-01,16.1,16.125
2017-03-13,2017-04-01,15.825,15.9
2017-03-14,2017-04-01,15.95,15.9
2017-03-15,2017-04-01,16.025,16.075
2017-03-16,2017-04-01,16.025,15.975
2017-03-17,2017-04-01,15.975,15.92
2017-03-20,2017-04-01,15.8,15.75
2017-03-21,2017-04-01,15.75,15.575
2017-03-22,2017-04-01,15.45,15.65
2017-03-23,2017-04-01,15.58,15.54
2017-03-24,2017-04-01,15.35,15.2
2017-03-27,2017-04-01,15.1,14.875
2017-03-28,2017-04-01,15.05,15.175
2017-03-29,2017-04-01,15.25,15.65
2017-03-30,2017-04-01,15.755,15.95
2017-03-31,2017-05-01,15.7,15.75
2017-04-03,2017-05-01,15.85,16.075
2017-04-04,2017-05-01,16.125,16.03
2017-04-05,2017-05-01,16.055,16.2
2017-04-06,2017-05-01,16.2,15.975
2017-04-07,2017-05-01,16.055,15.69
2017-04-10,2017-05-01,15.9,15.525
2017-04-11,2017-05-01,15.405,15.6
2017-04-12,2017-05-01,15.625,15.625
2017-04-13,2017-05-01,15.655,15.715
2017-04-18,2017-05-01,15.85,16.12
2017-04-19,2017-05-01,16.3,16.075
2017-04-20,2017-05-01,15.95,16.05
2017-04-21,2017-05-01,16.05,16.35
2017-04-24,2017-05-01,16.175,16.075
2017-04-25,2017-05-01,16.025,15.825
2017-04-26,2017-05-01,15.8,16.125
2017-04-27,2017-05-01,16.2,15.95
2017-04-28,2017-06-01,16.1,16.23
2017-05-02,2017-06-01,16.25,16.45
2017-05-03,2017-06-01,16.305,16.175
2017-05-04,2017-06-01,16.125,15.75
2017-05-05,2017-06-01,15.65,15.75
2017-05-08,2017-06-01,15.755,15.4
2017-05-09,2017-06-01,15.45,15.495
2017-05-10,2017-06-01,15.595,15.59
2017-05-11,2017-06-01,15.575,15.29
2017-05-12,2017-06-01,15.225,15.41
2017-05-15,2017-06-01,15.4,15.475
2017-05-16,2017-06-01,15.4,15.35
2017-05-17,2017-06-01,15.295,15.6
2017-05-18,2017-06-01,15.575,15.675
2017-05-19,2017-06-01,15.695,15.5
2017-05-22,2017-06-01,15.25,15.5
2017-05-23,2017-06-01,15.375,15.73
2017-05-24,2017-06-01,15.7,15.5
2017-05-25,2017-06-01,15.45,15.375
2017-05-26,2017-06-01,15.2,15.375
2017-05-29,2017-06-01,15.425,15.425
2017-05-30,2017-06-01,15.4,15.65
2017-05-31,2017-07-01,15.575,15.25
2017-06-01,2017-07-01,15.3,15.125
2017-06-02,2017-07-01,15.0,14.975
2017-06-05,2017-07-01,15.1,15.125
2017-06-06,2017-07-01,15.1,14.85
2017-06-07,2017-07-01,14.85,14.925
2017-06-08,2017-07-01,15.005,15.45
2017-06-09,2017-07-01,15.45,15.05
2017-06-12,2017-07-01,14.9,14.75
2017-06-13,2017-07-01,14.695,14.725
2017-06-14,2017-07-01,14.73,14.7
2017-06-15,2017-07-01,14.645,14.575
2017-06-16,2017-07-01,14.58,14.59
2017-06-19,2017-07-01,14.645,14.775
2017-06-20,2017-07-01,14.825,14.875
2017-06-21,2017-07-01,14.825,14.7
2017-06-22,2017-07-01,14.725,14.625
2017-06-23,2017-07-01,14.555,14.7
2017-06-26,2017-07-01,14.85,14.85
2017-06-27,2017-07-01,14.875,15.01
2017-06-28,2017-07-01,14.875,15.175
2017-06-29,2017-07-01,15.2,14.9
2017-06-30,2017-08-01,14.835,14.9
2017-07-03,2017-08-01,14.955,15.125
2017-07-04,2017-08-01,15.025,14.95
2017-07-05,2017-08-01,14.85,14.975
2017-07-06,2017-08-01,14.975,14.98
2017-07-07,2017-08-01,14.87,14.75
2017-07-10,2017-08-01,14.65,14.59
2017-07-11,2017-08-01,14.525,14.43
2017-07-12,2017-08-01,14.5,14.55
2017-07-13,2017-08-01,14.45,14.65
2017-07-14,2017-08-01,14.52,14.66
2017-07-17,2017-08-01,14.5,14.825
2017-07-18,2017-08-01,14.79,14.7
2017-07-19,2017-08-01,14.625,14.775
2017-07-20,2017-08-01,14.85,14.9
2017-07-21,2017-08-01,15.0,14.8
2017-07-24,2017-08-01,14.7,14.725
2017-07-25,2017-08-01,14.69,14.92
2017-07-26,2017-08-01,15.05,15.175
2017-07-27,2017-08-01,15.11,15.05
2017-07-28,2017-08-01,15.125,14.9
2017-07-31,2017-09-01,15.125,14.9
2017-08-01,2017-09-01,14.8,14.68
2017-08-02,2017-09-01,14.6,14.8
2017-08-03,2017-09-01,14.785,14.92
2017-08-04,2017-09-01,14.925,15.045
2017-08-07,2017-09-01,15.2,15.275
2017-08-08,2017-09-01,15.2,15.25
2017-08-09,2017-09-01,15.35,15.6
2017-08-10,2017-09-01,15.575,15.775
2017-08-11,2017-09-01,15.65,16.0
2017-08-14,2017-09-01,15.84,15.675
2017-08-15,2017-09-01,15.7,15.7
2017-08-16,2017-09-01,15.7,16.1
2017-08-17,2017-09-01,16.275,16.1
2017-08-18,2017-09-01,16.2,16.225
2017-08-21,2017-09-01,16.4,16.1
2017-08-22,2017-09-01,16.085,16.24
2017-08-23,2017-09-01,16.075,16.425
2017-08-24,2017-09-01,16.425,16.33
2017-08-25,2017-09-01,16.26,16.3
2017-08-28,2017-09-01,16.5,16.3
2017-08-29,2017-09-01,16.35,16.475
2017-08-30,2017-09-01,16.5,16.525
2017-08-31,2017-10-01,16.5,16.45
2017-09-01,2017-10-01,16.475,16.43
2017-09-04,2017-10-01,16.4,16.475
2017-09-05,2017-10-01,16.525,16.875
2017-09-06,2017-10-01,16.8,16.85
2017-09-07,2017-10-01,16.9,16.75
2017-09-08,2017-10-01,16.725,16.825
2017-09-11,2017-10-01,16.85,17.2
2017-09-12,2017-10-01,17.32,17.145
2017-09-13,2017-10-01,17.1,17.38
2017-09-14,2017-10-01,17.405,17.48
2017-09-15,2017-10-01,17.475,17.25
2017-09-18,2017-10-01,17.3,17.125
2017-09-19,2017-10-01,17.06,17.125
2017-09-20,2017-10-01,17.075,16.89
2017-09-21,2017-10-01,16.855,16.74
2017-09-22,2017-10-01,16.675,16.65
2017-09-25,2017-10-01,16.845,17.425
2017-09-26,2017-10-01,17.55,17.325
2017-09-27,2017-10-01,17.225,17.425
2017-09-28,2017-10-01,17.375,17.505
2017-09-29,2017-11-01,17.8,17.45
2017-10-02,2017-11-01,17.55,17.675
2017-10-03,2017-11-01,17.5,17.875
2017-10-04,2017-11-01,17.8,17.9
2017-10-05,2017-11-01,18.075,18.1
2017-10-06,2017-11-01,18.025,18.15
2017-10-09,2017-11-01,18.1,18.18
2017-10-10,2017-11-01,18.05,18.075
2017-10-11,2017-11-01,18.05,18.025
2017-10-12,2017-11-01,17.9,17.925
2017-10-13,2017-11-01,17.975,17.975
2017-10-16,2017-11-01,18.0,18.08
2017-10-17,2017-11-01,18.1,18.125
2017-10-18,2017-11-01,18.075,18.375
2017-10-19,2017-11-01,18.3,18.08
2017-10-20,2017-11-01,18.19,17.82
2017-10-23,2017-11-01,18.0,17.68
2017-10-24,2017-11-01,17.8,17.6
2017-10-25,2017-11-01,17.75,17.75
2017-10-26,2017-11-01,17.65,17.625
2017-10-27,2017-11-01,17.63,17.69
2017-10-30,2017-11-01,17.845,17.675
2017-10-31,2017-12-01,18.075,18.225
2017-11-01,2017-12-01,18.285,18.5
2017-11-02,2017-12-01,18.45,18.44
2017-11-03,2017-12-01,18.375,18.295
2017-11-06,2017-12-01,18.525,18.925
2017-11-07,2017-12-01,18.925,19.25
2017-11-08,2017-12-01,19.345,19.335
2017-11-09,2017-12-01,19.4,19.45
2017-11-10,2017-12-01,19.25,19.75
2017-11-13,2017-12-01,19.825,19.7
2017-11-14,2017-12-01,19.4,19.13
2017-11-15,2017-12-01,18.775,19.095
2017-11-16,2017-12-01,18.95,19.025
2017-11-17,2017-12-01,18.775,18.95
2017-11-20,2017-12-01,19.2,19.4
2017-11-21,2017-12-01,19.55,19.65
2017-11-22,2017-12-01,19.725,19.55
2017-11-23,2017-12-01,19.7,20.05
2017-11-24,2017-12-01,20.025,20.37
2017-11-27,2017-12-01,20.6,20.62
2017-11-28,2017-12-01,20.4,20.2
2017-11-29,2017-12-01,20.0,20.35
2017-11-30,2018-01-01,20.25,20.28
2017-12-01,2018-01-01,20.5,20.675
2017-12-04,2018-01-01,21.15,21.475
2017-12-05,2018-01-01,21.5,21.345
2017-12-06,2018-01-01,21.2,21.25
2017-12-07,2018-01-01,21.075,21.24
2017-12-08,2018-01-01,21.025,20.8
2017-12-11,2018-01-01,21.15,21.275
2017-12-12,2018-01-01,21.45,21.575
2017-12-13,2018-01-01,22.0,20.8
2017-12-14,2018-01-01,20.4,21.125
2017-12-15,2018-01-01,20.73,20.9
2017-12-18,2018-01-01,20.5,20.35
2017-12-19,2018-01-01,20.15,19.95
2017-12-20,2018-01-01,20.2,20.35
2017-12-21,2018-01-01,20.025,19.975
2017-12-22,2018-01-01,19.85,19.6
2017-12-27,2018-01-01,19.3,19.23
2017-12-28,2018-01-01,19.3,19.7
2017-12-29,2018-02-01,19.675,19.7
2018-01-02,2018-02-01,19.5,19.275
2018-01-03,2018-02-01,19.25,19.4
2018-01-04,2018-02-01,19.4,19.195
2018-01-05,2018-02-01,19.025,18.87
2018-01-08,2018-02-01,19.025,19.05
2018-01-09,2018-02-01,19.2,19.6
2018-01-10,2018-02-01,19.25,19.3
2018-01-11,2018-02-01,19.425,19.3
2018-01-12,2018-02-01,19.55,19.8
2018-01-15,2018-02-01,19.4,19.115
2018-01-16,2018-02-01,19.18,18.9
2018-01-17,2018-02-01,18.85,18.45
2018-01-18,2018-02-01,18.075,18.37
2018-01-19,2018-02-01,18.325,18.275
2018-01-22,2018-02-01,18.175,18.505
2018-01-23,2018-02-01,18.65,18.25
2018-01-24,2018-02-01,18.1,17.8
2018-01-25,2018-02-01,17.675,17.875
2018-01-26,2018-02-01,18.1,17.725
2018-01-29,2018-02-01,17.975,17.35
2018-01-30,2018-02-01,17.425,17.475
2018-01-31,2018-03-01,17.625,17.875
2018-02-01,2018-03-01,18.5,18.1
2018-02-02,2018-03-01,18.25,18.125
2018-02-05,2018-03-01,18.05,17.575
2018-02-06,2018-03-01,17.35,18.0
2018-02-07,2018-03-01,18.15,18.05
2018-02-08,2018-03-01,18.15,17.775
2018-02-09,2018-03-01,17.825,17.95
2018-02-12,2018-03-01,17.65,18.0
2018-02-13,2018-03-01,18.25,18.225
2018-02-14,2018-03-01,18.05,18.0
2018-02-15,2018-03-01,18.0,17.8
2018-02-16,2018-03-01,18.09,18.3
2018-02-19,2018-03-01,18.95,19.075
2018-02-20,2018-03-01,19.5,19.775
2018-02-21,2018-03-01,19.8,19.575
2018-02-22,2018-03-01,19.675,19.875
2018-02-23,2018-03-01,20.1,20.45
2018-02-26,2018-03-01,19.6,18.625
2018-02-27,2018-03-01,18.85,19.15
2018-02-28,2018-04-01,17.65,17.3
2018-03-01,2018-04-01,17.4,17.575
2018-03-02,2018-04-01,17.255,17.76
2018-03-05,2018-04-01,17.25,17.525
2018-03-06,2018-04-01,17.3,17.66
2018-03-07,2018-04-01,17.4,17.775
2018-03-08,2018-04-01,17.8,18.45
2018-03-09,2018-04-01,18.6,19.0
2018-03-12,2018-04-01,20.05,19.57
2018-03-13,2018-04-01,19.9,19.3
2018-03-14,2018-04-01,19.005,18.6
2018-03-15,2018-04-01,18.65,18.83
2018-03-16,2018-04-01,18.75,18.7
2018-03-19,2018-04-01,19.0,18.75
2018-03-20,2018-04-01,18.9,19.275
2018-03-21,2018-04-01,19.4,19.4
2018-03-22,2018-04-01,19.2,18.74
2018-03-23,2018-04-01,18.65,18.475
2018-03-26,2018-04-01,18.25,18.09
2018-03-27,2018-04-01,17.87,18.45
2018-03-28,2018-04-01,18.4,18.35
2018-04-03,2018-05-01,18.05,18.05
2018-04-04,2018-05-01,18.15,18.175
2018-04-05,2018-05-01,18.105,18.125
2018-04-06,2018-05-01,17.96,18.19
2018-04-09,2018-05-01,18.0,18.65
2018-04-10,2018-05-01,18.75,18.81
2018-04-11,2018-05-01,18.8,19.2
2018-04-12,2018-05-01,19.225,19.275
2018-04-13,2018-05-01,19.325,19.55
2018-04-16,2018-05-01,19.5,19.2
2018-04-17,2018-05-01,19.05,19.05
2018-04-18,2018-05-01,19.075,19.35
2018-04-19,2018-05-01,19.6,19.9
2018-04-20,2018-05-01,19.85,19.825
2018-04-23,2018-05-01,19.7,19.85
2018-04-24,2018-05-01,20.0,19.675
2018-04-25,2018-05-01,19.6,19.925
2018-04-26,2018-05-01,19.975,20.05
2018-04-27,2018-05-01,20.02,20.25
2018-04-30,2018-06-01,20.25,20.47
2018-05-01,2018-06-01,20.325,20.075
2018-05-02,2018-06-01,20.225,19.95
2018-05-03,2018-06-01,20.05,20.06
2018-05-04,2018-06-01,19.95,20.47
2018-05-07,2018-06-01,20.475,20.65
2018-05-08,2018-06-01,20.6,20.76
2018-05-09,2018-06-01,21.0,20.9
2018-05-10,2018-06-01,21.025,21.125
2018-05-11,2018-06-01,21.0,21.325
2018-05-14,2018-06-01,21.225,21.675
2018-05-15,2018-06-01,21.555,21.35
2018-05-16,2018-06-01,21.325,21.725
2018-05-17,2018-06-01,21.9,22.275
2018-05-18,2018-06-01,22.14,22.1
2018-05-21,2018-06-01,21.9,22.425
2018-05-22,2018-06-01,22.775,22.875
2018-05-23,2018-06-01,22.625,22.75
2018-05-24,2018-06-01,22.975,22.63
2018-05-25,2018-06-01,22.35,21.8
2018-05-28,2018-06-01,21.8,22.0
2018-05-29,2018-06-01,22.2,22.65
2018-05-30,2018-06-01,22.7,22.95
2018-05-31,2018-07-01,22.9,22.225
2018-06-01,2018-07-01,22.15,21.815
2018-06-04,2018-07-01,22.15,21.8
2018-06-05,2018-07-01,22.0,21.375
2018-06-06,2018-07-01,21.65,21.375
2018-06-07,2018-07-01,21.4,21.725
2018-06-08,2018-07-01,21.85,21.525
2018-06-11,2018-07-01,21.35,21.4
2018-06-12,2018-07-01,21.55,21.825
2018-06-13,2018-07-01,21.9,22.42
2018-06-14,2018-07-01,22.425,22.25
2018-06-15,2018-07-01,22.4,21.68
2018-06-18,2018-07-01,21.6,22.075
2018-06-19,2018-07-01,21.9,21.645
2018-06-20,2018-07-01,21.75,21.57
2018-06-21,2018-07-01,21.4,21.6
2018-06-22,2018-07-01,21.5,21.7
2018-06-25,2018-07-01,21.53,21.5
2018-06-26,2018-07-01,21.425,21.65
2018-06-27,2018-07-01,21.65,22.125
2018-06-28,2018-07-01,22.05,21.9
2018-06-29,2018-08-01,21.805,21.875
2018-07-02,2018-08-01,21.97,22.3
2018-07-03,2018-08-01,22.5,22.2
2018-07-04,2018-08-01,22.35,22.35
2018-07-05,2018-08-01,22.25,22.575
2018-07-06,2018-08-01,22.525,22.3
2018-07-09,2018-08-01,22.525,22.675
2018-07-10,2018-08-01,22.895,22.7
2018-07-11,2018-08-01,22.5,22.43
2018-07-12,2018-08-01,22.3,22.0
2018-07-13,2018-08-01,22.1,22.3
2018-07-16,2018-08-01,22.475,21.895
2018-07-17,2018-08-01,21.825,21.8
2018-07-18,2018-08-01,21.945,22.125
2018-07-19,2018-08-01,22.28,21.9
2018-07-20,2018-08-01,22.05,21.85
2018-07-23,2018-08-01,22.0,22.05
2018-07-24,2018-08-01,22.025,22.085
2018-07-25,2018-08-01,22.285,22.175
2018-07-26,2018-08-01,21.575,22.09
2018-07-27,2018-08-01,21.97,21.975
2018-07-30,2018-08-01,21.8,22.05
2018-07-31,2018-09-01,22.07,22.0
2018-08-01,2018-09-01,21.9,21.9
2018-08-02,2018-09-01,21.9,22.0
2018-08-03,2018-09-01,22.0,22.2
2018-08-06,2018-09-01,22.15,22.5
2018-08-07,2018-09-01,22.5,22.625
2018-08-08,2018-09-01,22.675,22.51
2018-08-09,2018-09-01,22.5,22.725
2018-08-10,2018-09-01,22.56,23.025
2018-08-13,2018-09-01,23.125,23.45
2018-08-14,2018-09-01,23.605,23.675
2018-08-15,2018-09-01,23.775,23.475
2018-08-16,2018-09-01,23.5,23.975
2018-08-17,2018-09-01,24.05,24.1
2018-08-20,2018-09-01,24.05,24.175
2018-08-21,2018-09-01,24.35,24.385
2018-08-22,2018-09-01,24.5,24.475
2018-08-23,2018-09-01,24.615,24.82
2018-08-24,2018-09-01,24.995,24.925
2018-08-27,2018-09-01,25.2,25.35
2018-08-28,2018-09-01,25.325,25.4
2018-08-29,2018-09-01,25.15,26.08
2018-08-30,2018-09-01,26.25,25.95
2018-08-31,2018-10-01,26.35,26.035
2018-09-03,2018-10-01,26.04,26.3
2018-09-04,2018-10-01,26.6,26.78
2018-09-05,2018-10-01,26.8,27.125
2018-09-06,2018-10-01,27.45,27.45
2018-09-07,2018-10-01,27.45,28.26
2018-09-10,2018-10-01,28.0,29.1
2018-09-11,2018-10-01,29.15,28.6
2018-09-12,2018-10-01,28.0,27.425
2018-09-13,2018-10-01,27.375,26.6
2018-09-14,2018-10-01,25.75,27.405
2018-09-17,2018-10-01,27.5,27.65
2018-09-18,2018-10-01,27.95,27.45
2018-09-19,2018-10-01,27.5,28.43
2018-09-20,2018-10-01,28.85,28.11
2018-09-21,2018-10-01,28.45,28.675
2018-09-24,2018-10-01,29.15,29.315
2018-09-25,2018-10-01,29.4,28.95
2018-09-26,2018-10-01,28.85,28.095
2018-09-27,2018-10-01,27.75,27.45
2018-09-28,2018-11-01,27.85,27.6
2018-10-01,2018-11-01,27.25,27.8
2018-10-02,2018-11-01,28.0,27.085
2018-10-03,2018-11-01,27.0,27.4
2018-10-04,2018-11-01,27.5,27.8
2018-10-05,2018-11-01,27.8,27.95
2018-10-08,2018-11-01,27.625,27.275
2018-10-09,2018-11-01,27.3,26.75
2018-10-10,2018-11-01,26.75,26.15
2018-10-11,2018-11-01,26.0,25.95
2018-10-12,2018-11-01,25.6,26.41
2018-10-15,2018-11-01,27.0,26.275
2018-10-16,2018-11-01,26.3,26.15
2018-10-17,2018-11-01,26.0,26.35
2018-10-18,2018-11-01,26.1,26.0
2018-10-19,2018-11-01,26.25,26.8
2018-10-22,2018-11-01,26.45,26.075
2018-10-23,2018-11-01,25.7,25.65
2018-10-24,2018-11-01,25.675,25.275
2018-10-25,2018-11-01,24.95,24.675
2018-10-26,2018-11-01,24.55,24.07
2018-10-29,2018-11-01,24.1,24.475
2018-10-30,2018-11-01,24.35,23.925
2018-10-31,2018-12-01,24.75,24.175
2018-11-01,2018-12-01,24.085,23.725
2018-11-02,2018-12-01,23.9,24.125
2018-11-05,2018-12-01,23.65,23.84
2018-11-06,2018-12-01,23.6,23.8
2018-11-07,2018-12-01,24.3,24.575
2018-11-08,2018-12-01,25.0,24.4
2018-11-09,2018-12-01,24.6,24.45
2018-11-12,2018-12-01,25.6,26.15
2018-11-13,2018-12-01,26.1,26.575
2018-11-14,2018-12-01,26.5,26.525
2018-11-15,2018-12-01,26.3,26.5
2018-11-16,2018-12-01,26.85,25.72
2018-11-19,2018-12-01,24.425,24.325
2018-11-20,2018-12-01,24.4,24.45
2018-11-21,2018-12-01,24.35,24.475
2018-11-22,2018-12-01,24.15,24.625
2018-11-23,2018-12-01,24.25,24.925
2018-11-26,2018-12-01,24.15,24.7
2018-11-27,2018-12-01,24.5,24.925
2018-11-28,2018-12-01,24.4,24.31
2018-11-29,2018-12-01,24.6,24.625
2018-11-30,2019-01-01,24.65,24.775
2018-12-03,2019-01-01,25.0,24.8
2018-12-04,2019-01-01,25.0,24.35
2018-12-05,2019-01-01,24.4,23.65
2018-12-06,2019-01-01,23.21,23.17
2018-12-07,2019-01-01,23.0,23.24
2018-12-10,2019-01-01,23.1,23.275
2018-12-11,2019-01-01,23.3,23.55
2018-12-12,2019-01-01,23.55,24.125
2018-12-13,2019-01-01,24.45,24.2
2018-12-14,2019-01-01,24.2,24.6
2018-12-17,2019-01-01,24.5,24.45
2018-12-18,2019-01-01,24.18,23.855
2018-12-19,2019-01-01,24.0,24.425
2018-12-20,2019-01-01,24.45,24.775
2018-12-21,2019-01-01,24.745,24.775
2018-12-24,2019-01-01,24.75,24.08
2018-12-27,2019-01-01,23.9,23.375
2018-12-28,2019-01-01,23.45,22.675
2018-12-31,2019-02-01,22.85,22.0
2019-01-02,2019-02-01,21.95,22.5
2019-01-03,2019-02-01,22.4,22.175
2019-01-04,2019-02-01,22.4,22.85
2019-01-07,2019-02-01,22.1,21.375
2019-01-08,2019-02-01,21.65,22.225
2019-01-09,2019-02-01,22.5,21.625
2019-01-10,2019-02-01,21.5,22.0
2019-01-11,2019-02-01,22.3,22.25
2019-01-14,2019-02-01,22.325,21.7
2019-01-15,2019-02-01,21.7,22.025
2019-01-16,2019-02-01,22.35,22.15
2019-01-17,2019-02-01,22.45,22.875
2019-01-18,2019-02-01,23.2,22.6
2019-01-21,2019-02-01,22.11,21.93
2019-01-22,2019-02-01,21.8,21.8
2019-01-23,2019-02-01,22.025,22.0
2019-01-24,2019-02-01,21.7,21.425
2019-01-25,2019-02-01,21.0,20.99
2019-01-28,2019-02-01,21.1,20.55
2019-01-29,2019-02-01,20.175,20.8
2019-01-30,2019-02-01,20.6,20.2
2019-01-31,2019-03-01,20.0,19.85
2019-02-01,2019-03-01,19.4,19.125
2019-02-04,2019-03-01,19.0,19.25
2019-02-05,2019-03-01,19.25,18.825
2019-02-06,2019-03-01,18.75,19.145
2019-02-07,2019-03-01,19.25,18.875
2019-02-08,2019-03-01,18.5,18.475
2019-02-11,2019-03-01,18.0,18.125
2019-02-12,2019-03-01,17.95,17.625
2019-02-13,2019-03-01,17.425,18.15
2019-02-14,2019-03-01,18.0,17.8
2019-02-15,2019-03-01,17.7,18.1
2019-02-18,2019-03-01,18.2,17.45
2019-02-19,2019-03-01,17.4,17.825
2019-02-20,2019-03-01,17.65,18.125
2019-02-21,2019-03-01,17.8,17.375
2019-02-22,2019-03-01,17.18,17.175
2019-02-25,2019-03-01,16.7,17.0
2019-02-26,2019-03-01,17.0,17.1
2019-02-27,2019-03-01,17.35,17.75
2019-02-28,2019-04-01,17.85,17.875
2019-03-01,2019-04-01,17.7,17.27
2019-03-04,2019-04-01,17.14,17.45
2019-03-05,2019-04-01,17.525,17.225
2019-03-06,2019-04-01,17.0,16.85
2019-03-07,2019-04-01,16.65,17.05
2019-03-08,2019-04-01,16.85,16.725
2019-03-11,2019-04-01,16.55,16.59
2019-03-12,2019-04-01,16.65,16.125
2019-03-13,2019-04-01,15.9,15.7
2019-03-14,2019-04-01,15.725,15.65
2019-03-15,2019-04-01,15.55,15.175
2019-03-18,2019-04-01,15.005,15.3
2019-03-19,2019-04-01,15.3,14.975
2019-03-20,2019-04-01,14.925,15.125
2019-03-21,2019-04-01,15.0,14.525
2019-03-22,2019-04-01,14.42,14.48
2019-03-25,2019-04-01,14.325,14.175
2019-03-26,2019-04-01,14.325,14.67
2019-03-27,2019-04-01,14.8,14.85
2019-03-28,2019-04-01,14.75,14.25
2019-03-29,2019-05-01,14.2,14.3
2019-04-01,2019-05-01,13.9,13.95
2019-04-02,2019-05-01,13.8,13.45
2019-04-03,2019-05-01,13.5,14.175
2019-04-04,2019-05-01,14.2,14.88
2019-04-05,2019-05-01,15.1,16.7
2019-04-08,2019-05-01,16.48,15.8
2019-04-09,2019-05-01,15.8,16.75
2019-04-10,2019-05-01,17.1,15.875
2019-04-11,2019-05-01,15.54,16.175
2019-04-12,2019-05-01,16.025,15.75
2019-04-15,2019-05-01,15.4,14.87
2019-04-16,2019-05-01,14.875,15.05
2019-04-17,2019-05-01,15.225,15.3
2019-04-18,2019-05-01,15.5,14.4
2019-04-23,2019-05-01,14.12,14.375
2019-04-24,2019-05-01,14.175,14.175
2019-04-25,2019-05-01,14.1,14.725
2019-04-26,2019-05-01,14.65,14.25
2019-04-29,2019-05-01,14.45,14.425
2019-04-30,2019-06-01,14.35,14.35
2019-05-01,2019-06-01,14.0,14.1
2019-05-02,2019-06-01,14.27,14.5
2019-05-03,2019-06-01,14.2,14.7
2019-05-06,2019-06-01,14.27,14.21
2019-05-07,2019-06-01,14.3,14.15
2019-05-08,2019-06-01,14.0,14.475
2019-05-09,2019-06-01,14.5,14.25
2019-05-10,2019-06-01,14.3,14.075
2019-05-13,2019-06-01,13.8,13.62
2019-05-14,2019-06-01,13.5,13.9
2019-05-15,2019-06-01,13.775,13.75
2019-05-16,2019-06-01,13.65,13.21
2019-05-17,2019-06-01,13.1,12.98
2019-05-20,2019-06-01,13.1,12.88
2019-05-21,2019-06-01,12.7,12.725
2019-05-22,2019-06-01,12.83,12.775
2019-05-23,2019-06-01,12.6,12.375
2019-05-24,2019-06-01,12.2,12.425
2019-05-27,2019-06-01,12.105,12.23
2019-05-28,2019-06-01,12.15,12.375
2019-05-29,2019-06-01,12.325,12.1
2019-05-30,2019-06-01,12.2,11.425
2019-05-31,2019-07-01,11.7,11.45
2019-06-03,2019-07-01,11.0,11.05
2019-06-04,2019-07-01,11.105,11.9
2019-06-05,2019-07-01,11.9,11.3
2019-06-06,2019-07-01,11.3,11.0
2019-06-07,2019-07-01,11.1,11.55
2019-06-10,2019-07-01,11.6,11.75
2019-06-11,2019-07-01,11.675,11.195
2019-06-12,2019-07-01,11.1,11.12
2019-06-13,2019-07-01,11.25,11.32
2019-06-14,2019-07-01,11.3,11.51
2019-06-17,2019-07-01,11.3,11.375
2019-06-18,2019-07-01,11.3,10.9
2019-06-19,2019-07-01,10.9,10.5
2019-06-20,2019-07-01,10.6,10.175
2019-06-21,2019-07-01,10.05,10.45
2019-06-24,2019-07-01,10.225,10.0
2019-06-25,2019-07-01,9.8,9.75
2019-06-26,2019-07-01,9.705,9.725
2019-06-27,2019-07-01,9.55,9.175
2019-06-28,2019-08-01,9.755,10.025
2019-07-01,2019-08-01,10.05,10.35
2019-07-02,2019-08-01,10.5,10.25
2019-07-03,2019-08-01,10.475,10.4
2019-07-04,2019-08-01,10.25,10.525
2019-07-05,2019-08-01,10.35,11.2
2019-07-08,2019-08-01,11.07,12.075
2019-07-09,2019-08-01,12.1,11.275
2019-07-10,2019-08-01,11.29,12.56
2019-07-11,2019-08-01,12.7,13.05
2019-07-12,2019-08-01,12.95,13.4
2019-07-15,2019-08-01,13.645,12.7
2019-07-16,2019-08-01,12.45,11.275
2019-07-17,2019-08-01,11.1,11.25
2019-07-18,2019-08-01,11.2,10.625
2019-07-19,2019-08-01,10.725,10.6
2019-07-22,2019-08-01,10.5,10.29
2019-07-23,2019-08-01,10.0,10.675
2019-07-24,2019-08-01,10.7,10.175
2019-07-25,2019-08-01,9.9,10.0
2019-07-26,2019-08-01,10.0,10.0
2019-07-29,2019-08-01,9.75,9.75
2019-07-30,2019-08-01,9.675,10.1
2019-07-31,2019-09-01,10.95,11.1
2019-08-01,2019-09-01,11.0,12.65
2019-08-02,2019-09-01,12.45,12.05
2019-08-05,2019-09-01,12.03,11.45
2019-08-06,2019-09-01,11.3,10.98
2019-08-07,2019-09-01,10.85,11.3
2019-08-08,2019-09-01,11.35,12.275
2019-08-09,2019-09-01,12.0,11.625
2019-08-12,2019-09-01,11.775,11.29
2019-08-13,2019-09-01,11.33,11.8
2019-08-14,2019-09-01,11.65,11.175
2019-08-15,2019-09-01,11.15,11.125
2019-08-16,2019-09-01,11.105,11.025
2019-08-19,2019-09-01,10.87,10.8
2019-08-20,2019-09-01,10.75,11.275
2019-08-21,2019-09-01,11.17,11.325
2019-08-22,2019-09-01,11.325,11.0
2019-08-23,2019-09-01,10.81,10.5
2019-08-26,2019-09-01,10.4,10.35
2019-08-27,2019-09-01,10.15,10.3
2019-08-28,2019-09-01,10.25,10.38
2019-08-29,2019-09-01,10.375,10.6
2019-08-30,2019-10-01,13.0,12.765
2019-09-02,2019-10-01,12.55,11.85
2019-09-03,2019-10-01,12.01,12.095
2019-09-04,2019-10-01,12.2,11.91
2019-09-05,2019-10-01,11.925,12.3
2019-09-06,2019-10-01,12.3,12.4
2019-09-09,2019-10-01,12.525,12.35
2019-09-10,2019-10-01,12.24,14.535
2019-09-11,2019-10-01,14.25,13.9
2019-09-12,2019-10-01,13.9,14.7
2019-09-13,2019-10-01,14.8,14.5
2019-09-16,2019-10-01,14.975,15.2
2019-09-17,2019-10-01,15.49,13.745
2019-09-18,2019-10-01,13.25,12.7
2019-09-19,2019-10-01,12.7,12.425
2019-09-20,2019-10-01,12.6,12.55
2019-09-23,2019-10-01,12.6,12.3
2019-09-24,2019-10-01,12.3,12.3
2019-09-25,2019-10-01,12.2,11.95
2019-09-26,2019-10-01,12.15,12.175
2019-09-27,2019-10-01,12.125,11.9
2019-09-30,2019-11-01,16.78,16.3
2019-10-01,2019-11-01,16.05,16.4
2019-10-02,2019-11-01,16.395,16.025
2019-10-03,2019-11-01,15.89,16.15
2019-10-04,2019-11-01,16.2,15.825
2019-10-07,2019-11-01,15.1,15.5
2019-10-08,2019-11-01,15.63,15.725
2019-10-09,2019-11-01,15.5,15.895
2019-10-10,2019-11-01,15.6,15.75
2019-10-11,2019-11-01,16.13,16.1
2019-10-14,2019-11-01,15.7,15.975
2019-10-15,2019-11-01,16.15,16.025
2019-10-16,2019-11-01,15.9,16.175
2019-10-17,2019-11-01,15.91,15.95
2019-10-18,2019-11-01,16.0,15.875
2019-10-21,2019-11-01,16.11,15.675
2019-10-22,2019-11-01,15.8,15.575
2019-10-23,2019-11-01,15.44,15.35
2019-10-24,2019-11-01,15.0,15.675
2019-10-25,2019-11-01,15.51,15.24
2019-10-28,2019-11-01,14.775,14.55
2019-10-29,2019-11-01,14.45,13.85
2019-10-30,2019-11-01,13.85,13.85
2019-10-31,2019-12-01,16.165,16.225
2019-11-01,2019-12-01,16.5,16.225
2019-11-04,2019-12-01,16.35,16.685
2019-11-05,2019-12-01,16.7,16.68
2019-11-06,2019-12-01,16.435,16.25
2019-11-07,2019-12-01,16.355,16.19
2019-11-08,2019-12-01,16.2,15.82
2019-11-11,2019-12-01,15.955,15.82
2019-11-12,2019-12-01,15.9,15.505
2019-11-13,2019-12-01,15.3,15.565
2019-11-14,2019-12-01,15.55,15.65
2019-11-15,2019-12-01,15.51,15.705
2019-11-18,2019-12-01,15.37,15.225
2019-11-19,2019-12-01,15.28,15.32
2019-11-20,2019-12-01,15.3,15.5
2019-11-21,2019-12-01,15.705,15.65
2019-11-22,2019-12-01,15.58,16.125
2019-11-25,2019-12-01,16.25,16.4
2019-11-26,2019-12-01,16.27,15.925
2019-11-27,2019-12-01,15.75,16.125
2019-11-28,2019-12-01,15.7,15.675
2019-11-29,2020-01-01,16.6,16.4
2019-12-02,2020-01-01,16.22,15.85
2019-12-03,2020-01-01,15.675,15.78
2019-12-04,2020-01-01,15.57,15.825
2019-12-05,2020-01-01,15.6,15.3
2019-12-06,2020-01-01,15.25,15.04
2019-12-09,2020-01-01,15.01,14.755
2019-12-10,2020-01-01,14.6,14.42
2019-12-11,2020-01-01,14.4,13.9
2019-12-12,2020-01-01,13.825,14.7
2019-12-13,2020-01-01,14.6,13.685
2019-12-16,2020-01-01,13.6,13.93
2019-12-17,2020-01-01,13.925,14.4
2019-12-18,2020-01-01,14.425,15.1
2019-12-19,2020-01-01,15.15,15.1
2019-12-20,2020-01-01,13.75,14.225
2019-12-23,2020-01-01,13.5,13.07
2019-12-24,2020-01-01,12.96,12.65
2019-12-27,2020-01-01,12.65,12.725
2019-12-30,2020-01-01,12.725,12.25
2019-12-31,2020-02-01,12.5,12.09
2020-01-02,2020-02-01,12.5,12.14
2020-01-03,2020-02-01,12.15,13.05
2020-01-06,2020-02-01,13.2,12.275
2020-01-07,2020-02-01,12.2,11.95
2020-01-08,2020-02-01,12.0,12.0
2020-01-09,2020-02-01,11.9,12.0
2020-01-10,2020-02-01,11.9,12.025
2020-01-13,2020-02-01,12.3,12.13
2020-01-14,2020-02-01,11.99,11.3
2020-01-15,2020-02-01,11.25,11.325
2020-01-16,2020-02-01,11.35,11.1
2020-01-17,2020-02-01,11.005,10.87
2020-01-20,2020-02-01,10.8,10.725
2020-01-21,2020-02-01,10.5,10.775
2020-01-22,2020-02-01,10.7,10.395
2020-01-23,2020-02-01,10.38,10.425
2020-01-24,2020-02-01,10.425,10.575
2020-01-27,2020-02-01,10.6,10.55
2020-01-28,2020-02-01,10.6,10.85
2020-01-29,2020-02-01,10.65,10.1
2020-01-30,2020-02-01,9.975,9.91
2020-01-31,2020-03-01,9.765,9.84
2020-02-03,2020-03-01,9.6,9.25
2020-02-04,2020-03-01,9.05,9.425
2020-02-05,2020-03-01,9.3,9.325
2020-02-06,2020-03-01,9.3,9.2
2020-02-07,2020-03-01,9.165,9.05
2020-02-10,2020-03-01,8.8,8.56
2020-02-11,2020-03-01,8.6,8.55
2020-02-12,2020-03-01,8.505,8.81
2020-02-13,2020-03-01,8.675,8.78
2020-02-14,2020-03-01,8.75,8.975
2020-02-17,2020-03-01,8.845,9.5
2020-02-18,2020-03-01,9.405,9.3
2020-02-19,2020-03-01,9.325,9.625
2020-02-20,2020-03-01,9.65,9.6
2020-02-21,2020-03-01,9.52,9.325
2020-02-24,2020-03-01,9.425,8.995
2020-02-25,2020-03-01,9.005,9.025
2020-02-26,2020-03-01,8.91,9.1
2020-02-27,2020-03-01,8.85,8.8
2020-02-28,2020-04-01,8.675,8.99
2020-03-02,2020-04-01,9.09,9.07
2020-03-03,2020-04-01,9.045,9.01
2020-03-04,2020-04-01,9.0,8.76
2020-03-05,2020-04-01,8.91,8.895
2020-03-06,2020-04-01,8.7,8.675
2020-03-09,2020-04-01,8.385,8.6
2020-03-10,2020-04-01,8.56,9.1
2020-03-11,2020-04-01,9.0,9.28
2020-03-12,2020-04-01,9.035,9.2
2020-03-13,2020-04-01,9.44,9.25
2020-03-16,2020-04-01,9.0,8.635
2020-03-17,2020-04-01,8.775,8.475
2020-03-18,2020-04-01,8.35,8.16
2020-03-19,2020-04-01,8.26,8.525
2020-03-20,2020-04-01,8.45,8.25
2020-03-23,2020-04-01,7.75,7.93
2020-03-24,2020-04-01,8.0,7.9
2020-03-25,2020-04-01,7.835,7.825
2020-03-26,2020-04-01,7.6,7.48
2020-03-27,2020-04-01,7.425,7.225
2020-03-30,2020-04-01,7.04,6.8
2020-03-31,2020-05-01,6.94,6.94
2020-04-01,2020-05-01,6.85,6.85
2020-04-02,2020-05-01,7.25,6.885
2020-04-03,2020-05-01,6.69,6.875
2020-04-06,2020-05-01,7.0,7.25
2020-04-07,2020-05-01,7.3,7.3
2020-04-08,2020-05-01,7.24,7.335
2020-04-09,2020-05-01,7.35,7.3
2020-04-14,2020-05-01,7.245,6.845
2020-04-15,2020-05-01,6.805,6.77
2020-04-16,2020-05-01,6.655,7.075
2020-04-17,2020-05-01,7.3,6.925
2020-04-20,2020-05-01,6.75,6.61
2020-04-21,2020-05-01,6.62,6.37
2020-04-22,2020-05-01,6.26,6.15
2020-04-23,2020-05-01,6.095,6.0
2020-04-24,2020-05-01,5.85,5.81
2020-04-27,2020-05-01,5.95,6.0
2020-04-28,2020-05-01,5.945,6.075
2020-04-29,2020-05-01,6.175,5.9
2020-04-30,2020-06-01,6.225,6.295
2020-05-01,2020-06-01,6.37,5.775
2020-05-04,2020-06-01,5.795,5.79
2020-05-05,2020-06-01,5.875,5.7
2020-05-06,2020-06-01,5.7,5.855
2020-05-07,2020-06-01,5.925,5.775
2020-05-08,2020-06-01,5.75,5.9
2020-05-11,2020-06-01,5.77,5.64
2020-05-12,2020-06-01,5.585,5.3
2020-05-13,2020-06-01,5.29,5.17
2020-05-14,2020-06-01,5.17,5.32
2020-05-15,2020-06-01,5.3,5.21
2020-05-18,2020-06-01,5.325,4.88
2020-05-19,2020-06-01,4.855,4.625
2020-05-20,2020-06-01,4.65,4.435
2020-05-21,2020-06-01,4.375,4.025
2020-05-22,2020-06-01,3.705,3.94
2020-05-25,2020-06-01,4.105,5.025
2020-05-26,2020-06-01,4.75,4.08
2020-05-27,2020-06-01,4.005,3.65
2020-05-28,2020-06-01,3.6,3.535
2020-05-29,2020-07-01,4.18,4.45
2020-06-01,2020-07-01,4.18,4.275
2020-06-02,2020-07-01,4.35,4.87
2020-06-03,2020-07-01,4.915,5.35
2020-06-04,2020-07-01,5.055,5.26
2020-06-05,2020-07-01,5.345,5.555
2020-06-08,2020-07-01,5.575,5.2
2020-06-09,2020-07-01,5.055,4.845
2020-06-10,2020-07-01,4.805,4.835
2020-06-11,2020-07-01,4.755,5.0
2020-06-12,2020-07-01,5.045,5.22
2020-06-15,2020-07-01,5.21,5.325
2020-06-16,2020-07-01,5.495,5.165
2020-06-17,2020-07-01,5.2,5.375
2020-06-18,2020-07-01,5.31,5.48
2020-06-19,2020-07-01,5.55,5.62
2020-06-22,2020-07-01,5.56,5.44
2020-06-23,2020-07-01,5.6,5.83
2020-06-24,2020-07-01,5.7,5.625
2020-06-25,2020-07-01,5.5,5.25
2020-06-26,2020-07-01,5.2,5.225
2020-06-29,2020-07-01,5.15,5.775
2020-06-30,2020-08-01,6.12,6.035
2020-07-01,2020-08-01,6.115,5.765
2020-07-02,2020-08-01,5.7,5.945
2020-07-03,2020-08-01,5.9,5.95
2020-07-06,2020-08-01,6.1,6.085
2020-07-07,2020-08-01,6.145,6.15
2020-07-08,2020-08-01,6.115,5.885
2020-07-09,2020-08-01,5.8,5.715
2020-07-10,2020-08-01,5.61,5.41
2020-07-13,2020-08-01,5.45,5.125
2020-07-14,2020-08-01,5.105,5.155
2020-07-15,2020-08-01,5.195,5.2
2020-07-16,2020-08-01,5.15,5.05
2020-07-17,2020-08-01,5.08,5.1
2020-07-20,2020-08-01,5.035,4.79
2020-07-21,2020-08-01,4.875,4.82
2020-07-22,2020-08-01,4.7,4.92
2020-07-23,2020-08-01,4.93,5.05
2020-07-24,2020-08-01,5.1,4.94
2020-07-27,2020-08-01,4.9,4.85
2020-07-28,2020-08-01,4.85,4.99
2020-07-29,2020-08-01,5.0,5.19
2020-07-30,2020-08-01,5.25,5.06
2020-07-31,2020-09-01,5.96,6.05
2020-08-03,2020-09-01,6.08,6.96
2020-08-04,2020-09-01,6.95,7.13
2020-08-05,2020-09-01,7.32,7.305
2020-08-06,2020-09-01,7.4,7.78
2020-08-07,2020-09-01,7.75,7.925
2020-08-10,2020-09-01,7.9,7.58
2020-08-11,2020-09-01,7.6,7.49
2020-08-12,2020-09-01,7.25,7.175
2020-08-13,2020-09-01,7.25,7.525
2020-08-14,2020-09-01,7.5,8.215
2020-08-17,2020-09-01,8.245,8.1
2020-08-18,2020-09-01,8.2,8.79
2020-08-19,2020-09-01,8.8,8.32
2020-08-20,2020-09-01,8.3,8.05
2020-08-21,2020-09-01,8.02,7.585
2020-08-24,2020-09-01,7.8,8.5
2020-08-25,2020-09-01,8.54,8.915
2020-08-26,2020-09-01,8.95,9.3
2020-08-27,2020-09-01,9.145,9.01
2020-08-31,2020-10-01,11.3,11.195
2020-09-01,2020-10-01,11.0,11.32
2020-09-02,2020-10-01,11.375,11.085
2020-09-03,2020-10-01,11.1,11.83
2020-09-04,2020-10-01,11.885,11.8
2020-09-07,2020-10-01,11.5,11.195
2020-09-08,2020-10-01,11.325,10.865
2020-09-09,2020-10-01,10.65,10.875
2020-09-10,2020-10-01,10.85,10.54
2020-09-11,2020-10-01,10.5,10.515
2020-09-14,2020-10-01,10.485,10.825
2020-09-15,2020-10-01,10.8,10.93
2020-09-16,2020-10-01,10.995,11.43
2020-09-17,2020-10-01,11.155,11.15
2020-09-18,2020-10-01,11.05,11.425
2020-09-21,2020-10-01,11.7,11.425
2020-09-22,2020-10-01,11.2,11.76
2020-09-23,2020-10-01,11.8,11.97
2020-09-24,2020-10-01,11.95,11.71
2020-09-25,2020-10-01,11.45,11.75
2020-09-28,2020-10-01,12.0,12.325
2020-09-29,2020-10-01,12.35,12.07
2020-09-30,2020-11-01,13.305,13.575
2020-10-01,2020-11-01,13.85,13.075
2020-10-02,2020-11-01,12.805,13.02
2020-10-05,2020-11-01,13.35,13.425
2020-10-06,2020-11-01,13.425,13.205
2020-10-07,2020-11-01,13.15,13.815
2020-10-08,2020-11-01,13.755,13.97
2020-10-09,2020-11-01,13.975,13.825
2020-10-12,2020-11-01,13.6,13.84
2020-10-13,2020-11-01,13.78,13.535
2020-10-14,2020-11-01,13.5,14.025
2020-10-15,2020-11-01,14.05,14.21
2020-10-16,2020-11-01,14.225,14.5
2020-10-19,2020-11-01,14.5,14.84
2020-10-20,2020-11-01,14.71,14.895
2020-10-21,2020-11-01,14.8,14.825
2020-10-22,2020-11-01,14.9,15.35
2020-10-23,2020-11-01,15.2,15.385
2020-10-26,2020-11-01,15.2,14.675
2020-10-27,2020-11-01,14.725,14.85
2020-10-28,2020-11-01,14.705,14.445
2020-10-29,2020-11-01,14.4,14.25
2020-10-30,2020-12-01,14.295,14.145
2020-11-02,2020-12-01,13.8,13.7
2020-11-03,2020-12-01,13.71,13.75
2020-11-04,2020-12-01,13.715,14.05
2020-11-05,2020-12-01,13.85,14.25
2020-11-06,2020-12-01,14.2,13.95
2020-11-09,2020-12-01,13.77,13.86
2020-11-10,2020-12-01,13.9,14.145
2020-11-11,2020-12-01,14.0,14.14
2020-11-12,2020-12-01,14.0,14.1
2020-11-13,2020-12-01,14.055,14.31
2020-11-16,2020-12-01,14.35,14.475
2020-11-17,2020-12-01,14.3,13.85
2020-11-18,2020-12-01,14.0,13.565
2020-11-19,2020-12-01,13.65,12.97
2020-11-20,2020-12-01,12.915,12.965
2020-11-23,2020-12-01,13.6,13.66
2020-11-24,2020-12-01,13.45,13.88
2020-11-25,2020-12-01,14.095,13.76
2020-11-26,2020-12-01,13.9,14.1
2020-11-27,2020-12-01,14.3,14.585
2020-11-30,2021-01-01,15.0,15.3
2020-12-01,2021-01-01,15.3,14.725
2020-12-02,2021-01-01,14.525,14.955
2020-12-03,2021-01-01,14.995,13.925
2020-12-04,2021-01-01,14.06,14.57
2020-12-07,2021-01-01,14.025,14.21
2020-12-08,2021-01-01,14.25,14.39
2020-12-09,2021-01-01,14.2,14.77
2020-12-10,2021-01-01,14.7,15.575
2020-12-11,2021-01-01,15.45,15.895
2020-12-14,2021-01-01,16.3,16.455
2020-12-15,2021-01-01,16.8,17.185
2020-12-16,2021-01-01,17.17,16.3
2020-12-17,2021-01-01,16.3,16.05
2020-12-18,2021-01-01,15.865,15.9
2020-12-21,2021-01-01,16.15,16.95
2020-12-22,2021-01-01,17.25,17.6
2020-12-23,2021-01-01,17.8,17.4
2020-12-24,2021-01-01,17.45,17.775
2020-12-28,2021-01-01,18.27,18.955
2020-12-29,2021-01-01,19.1,18.86
2020-12-30,2021-01-01,18.81,18.895
2020-12-31,2021-02-01,19.0,19.235
2021-01-04,2021-02-01,19.2,19.55
2021-01-05,2021-02-01,19.0,17.935
2021-01-06,2021-02-01,17.75,17.775
2021-01-07,2021-02-01,18.0,19.5
2021-01-08,2021-02-01,19.75,20.55
2021-01-11,2021-02-01,21.25,22.59
2021-01-12,2021-02-01,22.245,25.75
2021-01-13,2021-02-01,25.0,22.63
2021-01-14,2021-02-01,22.5,21.015
2021-01-15,2021-02-01,20.5,20.0
2021-01-18,2021-02-01,19.6,18.995
2021-01-19,2021-02-01,18.8,20.37
2021-01-20,2021-02-01,20.8,20.0
2021-01-21,2021-02-01,19.7,19.94
2021-01-22,2021-02-01,20.105,21.5
2021-01-25,2021-02-01,22.305,20.145
2021-01-26,2021-02-01,19.6,19.77
2021-01-27,2021-02-01,19.15,19.905
2021-01-28,2021-02-01,20.75,21.15
2021-01-29,2021-03-01,20.75,19.565
2021-02-01,2021-03-01,19.3,17.795
2021-02-02,2021-03-01,18.0,18.225
2021-02-03,2021-03-01,17.6,17.595
2021-02-04,2021-03-01,17.795,17.99
2021-02-05,2021-03-01,17.95,18.385
2021-02-08,2021-03-01,19.6,19.775
2021-02-09,2021-03-01,19.15,19.25
2021-02-10,2021-03-01,19.1,18.275
2021-02-11,2021-03-01,18.1,17.625
2021-02-12,2021-03-01,17.0,17.8
2021-02-15,2021-03-01,17.0,16.315
2021-02-16,2021-03-01,16.25,16.85
2021-02-17,2021-03-01,16.7,16.545
2021-02-18,2021-03-01,16.9,17.345
2021-02-19,2021-03-01,17.2,16.43
2021-02-22,2021-03-01,16.45,15.875
2021-02-23,2021-03-01,16.195,16.42
2021-02-24,2021-03-01,16.2,16.26
2021-02-25,2021-03-01,16.4,15.775
2021-02-26,2021-04-01,15.85,15.825
2021-03-01,2021-04-01,15.71,16.015
2021-03-02,2021-04-01,16.1,15.8
2021-03-03,2021-04-01,15.75,15.58
2021-03-04,2021-04-01,15.85,15.875
2021-03-05,2021-04-01,15.93,16.4
2021-03-08,2021-04-01,16.65,16.3
2021-03-09,2021-04-01,16.495,17.05
2021-03-10,2021-04-01,17.18,17.675
2021-03-11,2021-04-01,17.9,18.105
2021-03-12,2021-04-01,18.07,18.425
2021-03-15,2021-04-01,18.2,17.785
2021-03-16,2021-04-01,17.625,17.455
2021-03-17,2021-04-01,17.65,18.145
2021-03-18,2021-04-01,18.225,17.42
2021-03-19,2021-04-01,17.055,17.45
2021-03-22,2021-04-01,17.27,18.11
2021-03-23,2021-04-01,17.855,18.36
2021-03-24,2021-04-01,18.695,18.545
2021-03-25,2021-04-01,18.55,18.3
2021-03-26,2021-04-01,18.45,18.75
2021-03-29,2021-04-01,18.9,18.365
2021-03-30,2021-04-01,18.27,18.9
2021-03-31,2021-05-01,18.7,18.89
2021-04-01,2021-05-01,19.0,19.085
2021-04-06,2021-05-01,19.985,19.675
2021-04-07,2021-05-01,19.795,19.275
2021-04-08,2021-05-01,19.155,19.025
2021-04-09,2021-05-01,19.0,19.06
2021-04-12,2021-05-01,19.45,19.72
2021-04-13,2021-05-01,19.35,19.53
2021-04-14,2021-05-01,19.555,19.75
2021-04-15,2021-05-01,19.89,20.37
2021-04-16,2021-05-01,20.485,20.6
2021-04-19,2021-05-01,20.8,20.78
2021-04-20,2021-05-01,20.75,21.075
2021-04-21,2021-05-01,21.005,21.26
2021-04-22,2021-05-01,21.225,21.23
2021-04-23,2021-05-01,21.2,20.01
2021-04-26,2021-05-01,20.15,20.025
2021-04-27,2021-05-01,19.85,21.67
2021-04-28,2021-05-01,21.415,21.645
2021-04-29,2021-05-01,21.5,22.35
2021-04-30,2021-06-01,22.445,23.3
2021-05-03,2021-06-01,23.35,23.935
2021-05-04,2021-06-01,24.14,23.055
2021-05-05,2021-06-01,23.255,23.925
2021-05-06,2021-06-01,24.14,24.3
2021-05-07,2021-06-01,24.45,24.375
2021-05-10,2021-06-01,24.445,24.75
2021-05-11,2021-06-01,24.6,26.02
2021-05-12,2021-06-01,26.1,25.94
2021-05-13,2021-06-01,26.0,26.2
2021-05-14,2021-06-01,26.35,26.6
2021-05-17,2021-06-01,26.605,25.55
2021-05-18,2021-06-01,25.85,24.595
2021-05-19,2021-06-01,24.05,22.74
2021-05-20,2021-06-01,22.78,24.545
2021-05-21,2021-06-01,24.5,24.8
2021-05-24,2021-06-01,24.37,24.725
2021-05-25,2021-06-01,25.0,26.5
2021-05-26,2021-06-01,26.45,25.975
2021-05-27,2021-06-01,25.95,25.145
2021-05-31,2021-07-01,25.25,25.145
2021-06-01,2021-07-01,25.495,25.775
2021-06-02,2021-07-01,25.55,25.745
2021-06-03,2021-07-01,26.0,25.825
2021-06-04,2021-07-01,25.895,25.875
2021-06-07,2021-07-01,25.78,26.8
2021-06-08,2021-07-01,26.92,27.675
2021-06-09,2021-07-01,27.5,27.995
2021-06-10,2021-07-01,28.1,27.8
2021-06-11,2021-07-01,28.795,28.2
2021-06-14,2021-07-01,28.49,28.695
2021-06-15,2021-07-01,29.05,27.9
2021-06-16,2021-07-01,28.095,27.955
2021-06-17,2021-07-01,27.8,28.675
2021-06-18,2021-07-01,28.975,29.59
2021-06-21,2021-07-01,29.84,29.5
2021-06-22,2021-07-01,29.55,30.855
2021-06-23,2021-07-01,30.85,31.29
2021-06-24,2021-07-01,31.25,31.83
2021-06-25,2021-07-01,32.18,32.35
2021-06-28,2021-07-01,32.745,32.5
2021-06-29,2021-07-01,32.53,33.5
2021-06-30,2021-08-01,33.175,34.845
2021-07-01,2021-08-01,35.0,35.755
2021-07-02,2021-08-01,36.3,35.8
2021-07-05,2021-08-01,36.28,38.0
2021-07-06,2021-08-01,38.005,33.375
2021-07-07,2021-08-01,34.0,33.175
2021-07-08,2021-08-01,33.0,33.86
2021-07-09,2021-08-01,33.6,36.75
2021-07-12,2021-08-01,36.82,34.4
2021-07-13,2021-08-01,34.635,35.19
2021-07-14,2021-08-01,35.05,33.4
2021-07-15,2021-08-01,33.5,34.055
2021-07-16,2021-08-01,34.3,35.425
2021-07-19,2021-08-01,35.25,36.17
2021-07-20,2021-08-01,35.25,35.28
2021-07-21,2021-08-01,35.205,35.8
2021-07-22,2021-08-01,35.4,35.595
2021-07-23,2021-08-01,35.895,35.475
2021-07-26,2021-08-01,35.7,37.025
2021-07-27,2021-08-01,37.0,37.625
2021-07-28,2021-08-01,37.92,39.785
2021-07-29,2021-08-01,40.0,41.44
2021-07-30,2021-09-01,41.685,40.85
2021-08-02,2021-09-01,41.36,42.175
2021-08-03,2021-09-01,42.5,41.555
2021-08-04,2021-09-01,41.5,42.095
2021-08-05,2021-09-01,41.95,43.1
2021-08-06,2021-09-01,43.785,43.175
2021-08-09,2021-09-01,43.965,43.395
2021-08-10,2021-09-01,43.885,44.285
2021-08-11,2021-09-01,44.98,46.6
2021-08-12,2021-09-01,45.855,45.575
2021-08-13,2021-09-01,45.645,44.85
2021-08-16,2021-09-01,45.045,47.835
2021-08-17,2021-09-01,47.35,46.5
2021-08-18,2021-09-01,46.2,44.65
2021-08-19,2021-09-01,44.99,40.975
2021-08-20,2021-09-01,41.0,41.57
2021-08-23,2021-09-01,42.495,42.6
2021-08-24,2021-09-01,42.785,45.675
2021-08-25,2021-09-01,45.225,44.98
2021-08-26,2021-09-01,45.0,45.845
2021-08-27,2021-09-01,46.0,47.695
2021-08-31,2021-10-01,49.005,50.395
2021-09-01,2021-10-01,50.65,49.655
2021-09-02,2021-10-01,50.75,51.35
2021-09-03,2021-10-01,52.395,51.73
2021-09-06,2021-10-01,51.0,52.595
2021-09-07,2021-10-01,52.4,54.005
2021-09-08,2021-10-01,54.07,55.35
2021-09-09,2021-10-01,55.575,56.3
2021-09-10,2021-10-01,56.4,57.83
2021-09-13,2021-10-01,58.35,62.05
2021-09-14,2021-10-01,61.27,66.765
2021-09-15,2021-10-01,66.89,65.25
2021-09-16,2021-10-01,65.0,62.775
2021-09-17,2021-10-01,63.5,66.15
2021-09-20,2021-10-01,64.8,72.75
2021-09-21,2021-10-01,73.005,72.415
2021-09-22,2021-10-01,72.45,69.285
2021-09-23,2021-10-01,70.0,69.8
2021-09-24,2021-10-01,69.425,71.5
2021-09-27,2021-10-01,71.0,77.945
2021-09-28,2021-10-01,82.0,77.7
2021-09-29,2021-10-01,78.3,86.5
2021-09-30,2021-11-01,87.195,93.3
2021-10-01,2021-11-01,96.005,91.645
2021-10-04,2021-11-01,94.815,96.4
2021-10-05,2021-11-01,99.0,117.945
2021-10-06,2021-11-01,125.0,104.9
2021-10-07,2021-11-01,105.3,101.315
2021-10-08,2021-11-01,103.0,83.75
2021-10-11,2021-11-01,84.25,84.67
2021-10-12,2021-11-01,83.0,87.6
2021-10-13,2021-11-01,88.0,94.4
2021-10-14,2021-11-01,94.0,101.2
2021-10-15,2021-11-01,103.5,88.75
2021-10-18,2021-11-01,86.55,89.0
2021-10-19,2021-11-01,89.5,91.25
2021-10-20,2021-11-01,92.0,93.3
2021-10-21,2021-11-01,94.0,87.8
2021-10-22,2021-11-01,87.5,87.65
2021-10-25,2021-11-01,89.25,88.45
2021-10-26,2021-11-01,90.5,89.5
2021-10-27,2021-11-01,88.6,84.605
2021-10-28,2021-11-01,82.52,75.3
2021-10-29,2021-12-01,77.0,66.1
2021-11-01,2021-12-01,69.0,68.1
2021-11-02,2021-12-01,68.5,71.175
2021-11-03,2021-12-01,73.75,79.41
2021-11-04,2021-12-01,76.6,72.765
2021-11-05,2021-12-01,75.21,73.6
2021-11-08,2021-12-01,78.0,78.55
2021-11-09,2021-12-01,76.0,69.9
2021-11-10,2021-12-01,66.0,71.445
2021-11-11,2021-12-01,71.555,75.2
2021-11-12,2021-12-01,77.72,75.05
2021-11-15,2021-12-01,78.75,81.585
2021-11-16,2021-12-01,82.35,94.6
2021-11-17,2021-12-01,95.08,95.5
2021-11-18,2021-12-01,97.0,92.7
2021-11-19,2021-12-01,93.0,86.2
2021-11-22,2021-12-01,86.25,85.225
2021-11-23,2021-12-01,85.105,91.35
2021-11-24,2021-12-01,91.505,93.35
2021-11-25,2021-12-01,93.575,92.5
2021-11-26,2021-12-01,93.195,88.51
2021-11-29,2021-12-01,91.5,94.8
2021-11-30,2022-01-01,95.0,92.0
2021-12-01,2022-01-01,92.45,93.75
2021-12-02,2022-01-01,93.0,90.68
2021-12-03,2022-01-01,91.5,89.45
2021-12-06,2022-01-01,89.5,90.745
2021-12-07,2022-01-01,93.995,95.8
2021-12-08,2022-01-01,97.0,103.0
2021-12-09,2022-01-01,101.06,101.69
2021-12-10,2022-01-01,102.0,105.525
2021-12-13,2022-01-01,111.995,117.4
2021-12-14,2022-01-01,120.0,130.68
2021-12-15,2022-01-01,128.2,124.0
2021-12-16,2022-01-01,128.0,136.55
2021-12-17,2022-01-01,130.0,134.2
2021-12-20,2022-01-01,140.755,147.5
2021-12-21,2022-01-01,153.0,180.34
2021-12-22,2022-01-01,174.72,165.55
2021-12-23,2022-01-01,164.0,126.0
2021-12-24,2022-01-01,123.0,108.0
2021-12-27,2022-01-01,98.995,105.0
2021-12-28,2022-01-01,99.015,104.555
2021-12-29,2022-01-01,97.105,96.75
2021-12-30,2022-01-01,93.91,86.8
2021-12-31,2022-02-01,87.0,66.705
2022-01-03,2022-02-01,67.945,84.1
2022-01-04,2022-02-01,88.0,89.7
2022-01-05,2022-02-01,92.35,96.0
2022-01-06,2022-02-01,97.8,98.15
2022-01-07,2022-02-01,100.0,83.4
2022-01-10,2022-02-01,90.0,86.5
2022-01-11,2022-02-01,84.0,81.7
2022-01-12,2022-02-01,84.0,75.9
2022-01-13,2022-02-01,76.0,84.325
2022-01-14,2022-02-01,90.0,83.5
2022-01-17,2022-02-01,85.0,78.0
2022-01-18,2022-02-01,81.7,79.9
2022-01-19,2022-02-01,78.0,73.4
2022-01-20,2022-02-01,72.0,78.0
2022-01-21,2022-02-01,75.8,79.95
2022-01-24,2022-02-01,78.29,92.1
2022-01-25,2022-02-01,92.0,93.0
2022-01-26,2022-02-01,88.815,92.1
2022-01-27,2022-02-01,91.83,90.85
2022-01-28,2022-02-01,91.5,92.295
2022-01-31,2022-03-01,90.0,85.005
2022-02-01,2022-03-01,83.0,76.15
2022-02-02,2022-03-01,75.88,77.59
2022-02-03,2022-03-01,80.0,80.6
2022-02-04,2022-03-01,80.325,80.75
2022-02-07,2022-03-01,81.0,77.8
2022-02-08,2022-03-01,81.25,74.6
2022-02-09,2022-03-01,74.58,75.65
2022-02-10,2022-03-01,76.985,74.775
2022-02-11,2022-03-01,74.0,77.62
2022-02-14,2022-03-01,84.15,80.75
2022-02-15,2022-03-01,79.5,68.5
2022-02-16,2022-03-01,69.0,70.04
2022-02-17,2022-03-01,71.5,74.0
2022-02-18,2022-03-01,74.0,71.6
2022-02-21,2022-03-01,74.0,71.955
2022-02-22,2022-03-01,79.95,80.0
2022-02-23,2022-03-01,79.75,87.45
2022-02-24,2022-03-01,101.0,118.505
2022-02-25,2022-03-01,112.0,92.5
2022-02-28,2022-04-01,115.0,97.655
2022-03-01,2022-04-01,98.795,128.5
2022-03-02,2022-04-01,135.0,174.0
2022-03-03,2022-04-01,179.25,147.5
2022-03-04,2022-04-01,159.0,204.145
2022-03-07,2022-04-01,210.0,215.0
2022-03-08,2022-04-01,255.9,206.745
2022-03-09,2022-04-01,205.0,149.5
2022-03-10,2022-04-01,145.0,133.0
2022-03-11,2022-04-01,122.0,134.5
2022-03-14,2022-04-01,124.0,110.5
2022-03-15,2022-04-01,105.05,112.5
2022-03-16,2022-04-01,114.9,104.37
2022-03-17,2022-04-01,105.0,105.25
2022-03-18,2022-04-01,107.0,100.5
2022-03-21,2022-04-01,105.0,96.55
2022-03-22,2022-04-01,97.0,99.0
2022-03-23,2022-04-01,97.0,107.36
2022-03-24,2022-04-01,109.365,110.05
2022-03-25,2022-04-01,109.0,98.63
2022-03-28,2022-04-01,97.995,108.9
2022-03-29,2022-04-01,108.63,106.5
2022-03-30,2022-04-01,110.0,118.0
2022-03-31,2022-05-01,110.0,120.98
2022-04-01,2022-05-01,126.5,113.0
2022-04-04,2022-05-01,117.985,109.4
2022-04-05,2022-05-01,111.0,106.0
2022-04-06,2022-05-01,104.0,107.1
2022-04-07,2022-05-01,105.505,104.4
2022-04-08,2022-05-01,104.005,103.0
2022-04-11,2022-05-01,102.545,101.35
2022-04-12,2022-05-01,103.0,103.21
2022-04-13,2022-05-01,102.5,104.43
2022-04-14,2022-05-01,103.625,90.005
2022-04-19,2022-05-01,85.5,92.6
2022-04-20,2022-05-01,95.49,92.63
2022-04-21,2022-05-01,92.0,103.105
2022-04-22,2022-05-01,103.1,95.2
2022-04-25,2022-05-01,96.0,92.5
2022-04-26,2022-05-01,93.775,99.0
2022-04-27,2022-05-01,126.5,108.0
2022-04-28,2022-05-01,108.5,98.45
2022-04-29,2022-06-01,97.0,100.0
2022-05-02,2022-06-01,95.9,96.25
2022-05-03,2022-06-01,96.0,98.65
2022-05-04,2022-06-01,97.5,107.0
2022-05-05,2022-06-01,107.125,111.02
2022-05-06,2022-06-01,109.0,99.895
2022-05-09,2022-06-01,99.0,94.005
2022-05-10,2022-06-01,92.0,97.0
2022-05-11,2022-06-01,102.995,93.75
2022-05-12,2022-06-01,95.01,104.915
2022-05-13,2022-06-01,106.0,97.0
2022-05-16,2022-06-01,96.88,92.49
2022-05-17,2022-06-01,90.255,95.5
2022-05-18,2022-06-01,92.75,92.995
2022-05-19,2022-06-01,94.0,90.0
2022-05-20,2022-06-01,90.0,87.2
2022-05-23,2022-06-01,85.05,83.5
2022-05-24,2022-06-01,84.0,85.75
2022-05-25,2022-06-01,84.87,87.555
2022-05-26,2022-06-01,88.0,85.0
2022-05-27,2022-06-01,83.5,87.2
2022-05-30,2022-06-01,86.325,87.5
2022-05-31,2022-07-01,94.0,90.2
2022-06-01,2022-07-01,91.75,84.4
2022-06-02,2022-07-01,85.0,85.25
2022-06-03,2022-07-01,83.805,85.04
2022-06-06,2022-07-01,84.855,81.65
2022-06-07,2022-07-01,79.05,80.3
2022-06-08,2022-07-01,80.75,79.0
2022-06-09,2022-07-01,86.195,86.2
2022-06-10,2022-07-01,85.1,83.65
2022-06-13,2022-07-01,83.495,84.0
2022-06-14,2022-07-01,83.75,96.85
2022-06-15,2022-07-01,98.5,118.25
2022-06-16,2022-07-01,124.85,118.0
2022-06-17,2022-07-01,116.0,124.1
2022-06-20,2022-07-01,122.995,122.7
2022-06-21,2022-07-01,122.0,126.0
2022-06-22,2022-07-01,124.6,126.3
2022-06-23,2022-07-01,126.0,131.4
2022-06-24,2022-07-01,134.0,129.5
2022-06-27,2022-07-01,132.5,129.69
2022-06-28,2022-07-01,129.495,130.1
2022-06-29,2022-07-01,130.5,139.0
2022-06-30,2022-08-01,144.695,145.37
2022-07-01,2022-08-01,147.0,147.5
2022-07-04,2022-08-01,151.25,167.3
2022-07-05,2022-08-01,167.5,163.64
2022-07-06,2022-08-01,155.0,174.5
2022-07-07,2022-08-01,176.885,184.5
2022-07-08,2022-08-01,180.0,169.13
2022-07-11,2022-08-01,159.0,163.5
2022-07-12,2022-08-01,169.0,175.1
2022-07-13,2022-08-01,178.0,180.5
2022-07-14,2022-08-01,177.7,174.5
2022-07-15,2022-08-01,173.03,160.8
2022-07-18,2022-08-01,164.76,159.6
2022-07-19,2022-08-01,161.0,154.6
2022-07-20,2022-08-01,153.0,156.5
2022-07-21,2022-08-01,145.0,156.295
2022-07-22,2022-08-01,160.0,161.15
2022-07-25,2022-08-01,159.005,179.0
2022-07-26,2022-08-01,179.0,214.005
2022-07-27,2022-08-01,208.0,205.0
2022-07-28,2022-08-01,194.3,201.395
2022-07-29,2022-09-01,199.85,195.0
2022-08-01,2022-09-01,192.0,199.5
2022-08-02,2022-09-01,199.985,200.295
2022-08-03,2022-09-01,203.0,202.32
2022-08-04,2022-09-01,195.0,199.705
2022-08-05,2022-09-01,198.005,194.75
2022-08-08,2022-09-01,195.2,191.0
2022-08-09,2022-09-01,189.005,195.525
2022-08-10,2022-09-01,194.5,207.03
2022-08-11,2022-09-01,208.0,208.095
2022-08-12,2022-09-01,207.6,205.285
2022-08-15,2022-09-01,207.0,229.8
2022-08-16,2022-09-01,230.0,223.0
2022-08-17,2022-09-01,223.0,227.0
2022-08-18,2022-09-01,225.495,239.0
2022-08-19,2022-09-01,237.0,257.4
2022-08-22,2022-09-01,263.995,280.235
2022-08-23,2022-09-01,290.975,260.0
2022-08-24,2022-09-01,266.0,290.91
2022-08-25,2022-09-01,297.0,310.5
2022-08-26,2022-09-01,321.0,306.0
2022-08-29,2022-09-01,320.0,282.0
2022-08-30,2022-09-01,277.025,254.0
2022-08-31,2022-10-01,269.0,239.13
2022-09-01,2022-10-01,243.0,252.0
2022-09-02,2022-10-01,238.0,212.0
2022-09-05,2022-10-01,264.465,240.0
2022-09-06,2022-10-01,235.325,238.645
2022-09-07,2022-10-01,240.0,207.665
2022-09-08,2022-10-01,200.0,221.155
2022-09-09,2022-10-01,219.0,207.0
2022-09-12,2022-10-01,201.0,191.025
2022-09-13,2022-10-01,191.0,202.3
2022-09-14,2022-10-01,201.0,222.0
2022-09-15,2022-10-01,222.0,214.1
2022-09-16,2022-10-01,208.0,186.75
2022-09-19,2022-10-01,184.5,175.5
2022-09-20,2022-10-01,171.0,199.5
2022-09-21,2022-10-01,203.0,182.9
2022-09-22,2022-10-01,189.0,188.0
2022-09-23,2022-10-01,187.685,181.9
2022-09-26,2022-10-01,183.0,172.9
2022-09-27,2022-10-01,176.0,208.0
2022-09-28,2022-10-01,207.0,205.0
2022-09-29,2022-10-01,198.0,185.19
2022-09-30,2022-11-01,205.995,186.245
2022-10-03,2022-11-01,190.5,169.06
2022-10-04,2022-11-01,159.0,169.5
2022-10-05,2022-11-01,165.0,175.4
2022-10-06,2022-11-01,176.0,166.9
2022-10-07,2022-11-01,166.0,156.5
2022-10-10,2022-11-01,148.33,159.3
2022-10-11,2022-11-01,155.0,154.5
2022-10-12,2022-11-01,153.5,159.9
2022-10-13,2022-11-01,157.505,153.86
2022-10-14,2022-11-01,150.0,141.75
2022-10-17,2022-11-01,134.65,123.165
2022-10-18,2022-11-01,123.0,112.15
2022-10-19,2022-11-01,110.0,118.0
2022-10-20,2022-11-01,113.005,128.255
2022-10-21,2022-11-01,124.1,115.0
2022-10-24,2022-11-01,110.2,96.5
2022-10-25,2022-11-01,95.0,100.0
2022-10-26,2022-11-01,102.0,99.0
2022-10-27,2022-11-01,98.0,108.5
2022-10-28,2022-11-01,110.0,109.5
2022-10-31,2022-12-01,137.5,122.0
2022-11-01,2022-12-01,120.0,116.635
2022-11-02,2022-12-01,116.0,135.895
2022-11-03,2022-12-01,132.12,125.1
2022-11-04,2022-12-01,134.75,115.0
2022-11-07,2022-12-01,112.0,113.405
2022-11-08,2022-12-01,113.0,118.25
2022-11-09,2022-12-01,115.0,110.395
2022-11-10,2022-12-01,113.0,109.0
2022-11-11,2022-12-01,110.0,98.5
2022-11-14,2022-12-01,99.75,117.5
2022-11-15,2022-12-01,117.5,121.5
2022-11-16,2022-12-01,118.88,106.67
2022-11-17,2022-12-01,105.0,115.5
2022-11-18,2022-12-01,115.0,108.995
2022-11-21,2022-12-01,110.0,113.7
2022-11-22,2022-12-01,117.375,124.5
2022-11-23,2022-12-01,127.75,129.5
2022-11-24,2022-12-01,130.0,122.35
2022-11-25,2022-12-01,124.5,125.1
2022-11-28,2022-12-01,126.0,122.65
2022-11-29,2022-12-01,124.0,129.25
2022-11-30,2023-01-01,137.0,146.0
2022-12-01,2023-01-01,147.5,137.0
2022-12-02,2023-01-01,140.0,139.895
2022-12-05,2023-01-01,142.95,134.88
2022-12-06,2023-01-01,138.0,141.25
2022-12-07,2023-01-01,137.0,149.75
2022-12-08,2023-01-01,154.75,138.5
2022-12-09,2023-01-01,140.0,145.95
2022-12-12,2023-01-01,137.75,134.695
2022-12-13,2023-01-01,136.415,137.55
2022-12-14,2023-01-01,133.0,131.75
2022-12-15,2023-01-01,130.0,135.1
2022-12-16,2023-01-01,132.5,117.5
2022-12-19,2023-01-01,115.0,106.6
2022-12-20,2023-01-01,105.0,105.55
2022-12-21,2023-01-01,103.0,97.9
2022-12-22,2023-01-01,95.75,92.195
2022-12-23,2023-01-01,88.0,84.975
2022-12-27,2023-01-01,80.0,80.99
2022-12-28,2023-01-01,80.0,83.7
2022-12-29,2023-01-01,81.4,83.8
2022-12-30,2023-02-01,84.1,72.75
2023-01-02,2023-02-01,70.3,81.15
2023-01-03,2023-02-01,79.0,70.8
2023-01-04,2023-02-01,70.0,64.0
2023-01-05,2023-02-01,63.13,69.4
2023-01-06,2023-02-01,68.995,69.0
2023-01-09,2023-02-01,69.99,74.8
2023-01-10,2023-02-01,72.0,69.995
2023-01-11,2023-02-01,72.0,65.1
2023-01-12,2023-02-01,66.5,68.0
2023-01-13,2023-02-01,69.25,63.05
2023-01-16,2023-02-01,65.0,54.9
2023-01-17,2023-02-01,57.0,59.25
2023-01-18,2023-02-01,60.0,63.015
2023-01-19,2023-02-01,64.0,62.085
2023-01-20,2023-02-01,60.35,67.65
2023-01-23,2023-02-01,68.0,61.5
2023-01-24,2023-02-01,60.335,58.7
2023-01-25,2023-02-01,58.0,57.55
2023-01-26,2023-02-01,57.76,54.4
2023-01-27,2023-02-01,52.355,55.75
2023-01-30,2023-02-01,55.5,55.5
2023-01-31,2023-03-01,57.275,59.0
2023-02-01,2023-03-01,60.755,58.2
2023-02-02,2023-03-01,57.5,56.825
2023-02-03,2023-03-01,56.35,58.6
2023-02-06,2023-03-01,57.0,57.365
2023-02-07,2023-03-01,57.755,54.5
2023-02-08,2023-03-01,54.0,54.3
2023-02-09,2023-03-01,54.0,53.0
2023-02-10,2023-03-01,53.45,54.45
2023-02-13,2023-03-01,53.1,51.62
2023-02-14,2023-03-01,52.19,52.695
2023-02-15,2023-03-01,52.9,54.18
2023-02-16,2023-03-01,54.0,51.745
2023-02-17,2023-03-01,51.555,48.9
2023-02-20,2023-03-01,50.555,49.3
2023-02-21,2023-03-01,49.9,49.26
2023-02-22,2023-03-01,49.625,49.3
2023-02-23,2023-03-01,49.74,50.65
2023-02-24,2023-03-01,50.9,50.84
2023-02-27,2023-03-01,51.0,47.25
2023-02-28,2023-04-01,47.7,46.945
2023-03-01,2023-04-01,47.4,48.35
2023-03-02,2023-04-01,47.975,46.85
2023-03-03,2023-04-01,45.91,45.2
2023-03-06,2023-04-01,44.55,43.2
2023-03-07,2023-04-01,43.25,43.65
2023-03-08,2023-04-01,43.9,41.9
2023-03-09,2023-04-01,41.39,47.67
2023-03-10,2023-04-01,47.0,53.0
2023-03-13,2023-04-01,52.0,48.85
2023-03-14,2023-04-01,48.205,44.6
2023-03-15,2023-04-01,45.0,43.75
2023-03-16,2023-04-01,43.25,44.65
2023-03-17,2023-04-01,44.3,43.115
2023-03-20,2023-04-01,42.0,39.0
2023-03-21,2023-04-01,39.0,41.5
2023-03-22,2023-04-01,41.0,40.115
2023-03-23,2023-04-01,40.0,43.17
2023-03-24,2023-04-01,42.995,41.4
2023-03-27,2023-04-01,40.9,41.5
2023-03-28,2023-04-01,41.99,43.1
2023-03-29,2023-04-01,43.28,43.005
2023-03-30,2023-04-01,42.46,43.5
2023-03-31,2023-05-01,43.005,46.45
2023-04-03,2023-05-01,47.0,50.3
2023-04-04,2023-05-01,50.75,45.55
2023-04-05,2023-05-01,45.105,45.34
2023-04-06,2023-05-01,45.0,43.33
2023-04-11,2023-05-01,42.0,43.83
2023-04-12,2023-05-01,44.145,43.1
2023-04-13,2023-05-01,42.505,42.0
2023-04-14,2023-05-01,42.46,41.15
2023-04-17,2023-05-01,41.5,41.17
2023-04-18,2023-05-01,41.5,42.4
2023-04-19,2023-05-01,42.55,39.96
2023-04-20,2023-05-01,39.995,40.75
2023-04-21,2023-05-01,40.46,40.85
2023-04-24,2023-05-01,40.46,39.63
2023-04-25,2023-05-01,39.6,39.45
2023-04-26,2023-05-01,39.8,38.72
2023-04-27,2023-05-01,38.5,39.0
2023-04-28,2023-06-01,39.025,38.3
2023-05-01,2023-06-01,38.0,39.445
2023-05-02,2023-06-01,39.0,37.55
2023-05-03,2023-06-01,37.15,36.995
2023-05-04,2023-06-01,37.0,35.78
2023-05-05,2023-06-01,35.695,35.85
2023-05-08,2023-06-01,35.705,37.1
2023-05-09,2023-06-01,37.475,36.1
2023-05-10,2023-06-01,36.0,34.9
2023-05-11,2023-06-01,34.76,34.805
2023-05-12,2023-06-01,34.995,32.97
2023-05-15,2023-06-01,33.2,32.475
2023-05-16,2023-06-01,32.5,31.95
2023-05-17,2023-06-01,32.0,31.79
2023-05-18,2023-06-01,31.75,30.3
2023-05-19,2023-06-01,29.88,30.04
2023-05-22,2023-06-01,29.5,28.795
2023-05-23,2023-06-01,29.09,29.66
2023-05-24,2023-06-01,29.65,27.85
2023-05-25,2023-06-01,27.975,24.98
2023-05-26,2023-06-01,24.275,24.825
2023-05-29,2023-06-01,25.255,25.0
2023-05-30,2023-06-01,24.35,25.0
2023-05-31,2023-07-01,25.5,25.65
2023-06-01,2023-07-01,25.75,23.22
2023-06-02,2023-07-01,22.89,23.525
2023-06-05,2023-07-01,23.95,29.18
2023-06-06,2023-07-01,28.6,25.5
2023-06-07,2023-07-01,25.1,26.75
2023-06-08,2023-07-01,26.53,26.7
2023-06-09,2023-07-01,26.6,32.775
2023-06-12,2023-07-01,33.0,30.15
2023-06-13,2023-07-01,30.4,35.655
2023-06-14,2023-07-01,35.0,38.25
2023-06-15,2023-07-01,38.065,39.305
2023-06-16,2023-07-01,39.0,32.775
2023-06-19,2023-07-01,32.895,35.395
2023-06-20,2023-07-01,35.5,37.25
2023-06-21,2023-07-01,37.8,37.75
2023-06-22,2023-07-01,37.5,34.35
2023-06-23,2023-07-01,33.75,33.79
2023-06-26,2023-07-01,34.065,32.56
2023-06-27,2023-07-01,32.0,34.95
2023-06-28,2023-07-01,35.2,33.795
2023-06-29,2023-07-01,34.0,34.525
2023-06-30,2023-08-01,35.6,37.65
2023-07-03,2023-08-01,37.5,34.23
2023-07-04,2023-08-01,34.0,35.42
2023-07-05,2023-08-01,34.505,33.945
2023-07-06,2023-08-01,33.745,32.55
2023-07-07,2023-08-01,32.725,33.05
2023-07-10,2023-08-01,32.995,29.625
2023-07-11,2023-08-01,28.82,29.6
2023-07-12,2023-08-01,29.65,26.855
2023-07-13,2023-08-01,27.05,27.24
2023-07-14,2023-08-01,27.1,25.4
2023-07-17,2023-08-01,24.9,25.51
2023-07-18,2023-08-01,25.975,27.65
2023-07-19,2023-08-01,27.285,25.905
2023-07-20,2023-08-01,25.4,28.855
2023-07-21,2023-08-01,28.5,27.685
2023-07-24,2023-08-01,27.25,30.31
2023-07-25,2023-08-01,30.35,33.0
2023-07-26,2023-08-01,33.0,28.85
2023-07-27,2023-08-01,28.935,28.45
2023-07-28,2023-08-01,28.24,25.55
2023-07-31,2023-09-01,26.875,29.05
2023-08-01,2023-09-01,29.17,27.725
2023-08-02,2023-09-01,27.42,28.905
2023-08-03,2023-09-01,28.765,31.12
2023-08-04,2023-09-01,31.22,29.7
2023-08-07,2023-09-01,29.25,30.45
2023-08-08,2023-09-01,30.785,31.05
2023-08-09,2023-09-01,31.5,39.7
2023-08-10,2023-09-01,40.0,37.54
2023-08-11,2023-09-01,37.75,35.9
2023-08-14,2023-09-01,35.8,35.4
2023-08-15,2023-09-01,35.75,40.0
2023-08-16,2023-09-01,39.995,37.25
2023-08-17,2023-09-01,37.29,37.2
2023-08-18,2023-09-01,37.0,37.695
2023-08-21,2023-09-01,40.0,39.98
2023-08-22,2023-09-01,40.7,43.0
2023-08-23,2023-09-01,42.0,36.55
2023-08-24,2023-09-01,32.8,31.7
2023-08-25,2023-09-01,32.005,35.0
2023-08-28,2023-09-01,34.835,37.57
2023-08-29,2023-09-01,37.88,34.51
2023-08-30,2023-09-01,34.175,35.3
2023-08-31,2023-10-01,38.005,35.75
2023-09-01,2023-10-01,36.2,36.88
2023-09-04,2023-10-01,37.0,33.845
2023-09-05,2023-10-01,34.8,34.75
2023-09-06,2023-10-01,34.8,31.075
2023-09-07,2023-10-01,31.075,33.0
2023-09-08,2023-10-01,34.505,34.56
2023-09-11,2023-10-01,35.25,36.4
2023-09-12,2023-10-01,36.0,34.905
2023-09-13,2023-10-01,34.7,38.05
2023-09-14,2023-10-01,37.75,35.45
2023-09-15,2023-10-01,35.0,36.505
2023-09-18,2023-10-01,35.005,34.225
2023-09-19,2023-10-01,34.0,37.35
2023-09-20,2023-10-01,37.3,37.45
2023-09-21,2023-10-01,36.55,38.555
2023-09-22,2023-10-01,37.0,40.175
2023-09-25,2023-10-01,40.0,42.8
2023-09-26,2023-10-01,43.6,39.375
2023-09-27,2023-10-01,39.5,39.42
2023-09-28,2023-10-01,39.0,39.675
2023-09-29,2023-11-01,42.75,42.535
2023-10-02,2023-11-01,42.0,38.575
2023-10-03,2023-11-01,38.0,37.225
2023-10-04,2023-11-01,37.5,37.87
2023-10-05,2023-11-01,37.255,36.395
2023-10-06,2023-11-01,36.0,38.0
2023-10-09,2023-11-01,39.95,43.005
2023-10-10,2023-11-01,44.49,49.4
2023-10-11,2023-11-01,48.9,46.55
2023-10-12,2023-11-01,45.5,53.175
2023-10-13,2023-11-01,52.0,55.275
2023-10-16,2023-11-01,53.0,48.605
2023-10-17,2023-11-01,48.5,49.145
2023-10-18,2023-11-01,49.0,49.995
2023-10-19,2023-11-01,49.0,50.845
2023-10-20,2023-11-01,51.0,50.4
2023-10-23,2023-11-01,48.0,51.1
2023-10-24,2023-11-01,51.0,48.95
2023-10-25,2023-11-01,49.0,50.8
2023-10-26,2023-11-01,51.45,50.63
2023-10-27,2023-11-01,50.9,51.0
2023-10-30,2023-11-01,52.3,49.6
2023-10-31,2023-12-01,52.0,47.9
2023-11-01,2023-12-01,46.605,48.9
2023-11-02,2023-12-01,48.1,49.1
2023-11-03,2023-12-01,49.4,47.955
2023-11-06,2023-12-01,47.34,45.13
2023-11-07,2023-12-01,44.57,46.51
2023-11-08,2023-12-01,46.8,45.65
2023-11-09,2023-12-01,45.5,48.505
2023-11-10,2023-12-01,48.69,46.65
2023-11-13,2023-12-01,46.0,47.2
2023-11-14,2023-12-01,47.5,47.825
2023-11-15,2023-12-01,47.985,46.505
2023-11-16,2023-12-01,47.2,45.825
2023-11-17,2023-12-01,46.2,44.8
2023-11-20,2023-12-01,48.165,45.75
2023-11-21,2023-12-01,46.495,43.85
2023-11-22,2023-12-01,44.55,45.1
2023-11-23,2023-12-01,45.65,46.5
2023-11-24,2023-12-01,45.97,45.8
2023-11-27,2023-12-01,46.5,44.25
2023-11-28,2023-12-01,44.595,43.1
2023-11-29,2023-12-01,42.15,39.8
2023-11-30,2024-01-01,40.465,41.88
2023-12-01,2024-01-01,42.5,43.88
2023-12-04,2024-01-01,42.75,40.42
2023-12-05,2024-01-01,40.505,38.105
2023-12-06,2024-01-01,38.165,39.23
2023-12-07,2024-01-01,39.2,40.33
2023-12-08,2024-01-01,40.5,38.84
2023-12-11,2024-01-01,38.105,36.55
2023-12-12,2024-01-01,36.0,34.86
2023-12-13,2024-01-01,34.5,35.7
2023-12-14,2024-01-01,36.5,34.52
2023-12-15,2024-01-01,34.395,33.8
2023-12-18,2024-01-01,33.895,35.325
2023-12-19,2024-01-01,36.0,33.495
2023-12-20,2024-01-01,33.005,33.975
2023-12-21,2024-01-01,33.975,34.42
2023-12-22,2024-01-01,34.37,34.545
2023-12-27,2024-01-01,35.005,35.255
2023-12-28,2024-01-01,34.84,33.3
2023-12-29,2024-02-01,33.395,32.095
2024-01-02,2024-02-01,33.0,30.275
2024-01-03,2024-02-01,30.75,33.055
2024-01-04,2024-02-01,33.505,33.785
2024-01-05,2024-02-01,32.825,34.275
2024-01-08,2024-02-01,34.0,31.625
2024-01-09,2024-02-01,30.95,31.045
2024-01-10,2024-02-01,31.25,31.19
2024-01-11,2024-02-01,30.6,30.8
2024-01-12,2024-02-01,31.0,31.575
2024-01-15,2024-02-01,31.0,29.945
2024-01-16,2024-02-01,29.905,29.44
2024-01-17,2024-02-01,29.315,27.795
2024-01-18,2024-02-01,27.8,28.035
2024-01-19,2024-02-01,28.485,28.435
2024-01-22,2024-02-01,27.62,27.595
2024-01-23,2024-02-01,27.2,27.125
2024-01-24,2024-02-01,27.25,28.865
2024-01-25,2024-02-01,28.69,27.555
2024-01-26,2024-02-01,27.435,27.7
2024-01-29,2024-02-01,28.43,28.3
2024-01-30,2024-02-01,28.0,29.55
2024-01-31,2024-03-01,29.695,30.2
2024-02-01,2024-03-01,29.955,28.83
2024-02-02,2024-03-01,28.3,29.5
2024-02-05,2024-03-01,30.325,28.125
2024-02-06,2024-03-01,28.55,28.37
2024-02-07,2024-03-01,27.87,28.26
2024-02-08,2024-03-01,28.0,27.72
2024-02-09,2024-03-01,27.24,26.8
2024-02-12,2024-03-01,26.45,25.785
2024-02-13,2024-03-01,25.745,25.43
2024-02-14,2024-03-01,25.185,24.97
2024-02-15,2024-03-01,24.76,24.975
2024-02-16,2024-03-01,24.89,24.69
2024-02-19,2024-03-01,24.88,23.59
2024-02-20,2024-03-01,23.625,23.63
2024-02-21,2024-03-01,23.95,23.95
2024-02-22,2024-03-01,23.865,22.975
2024-02-23,2024-03-01,22.86,23.485
2024-02-26,2024-03-01,23.035,23.85
2024-02-27,2024-03-01,24.05,24.55
2024-02-28,2024-03-01,24.705,25.44
2024-02-29,2024-04-01,26.0,25.3
2024-03-01,2024-04-01,25.48,25.55
2024-03-04,2024-04-01,25.77,26.695
2024-03-05,2024-04-01,26.835,27.295
2024-03-06,2024-04-01,27.45,26.255
2024-03-07,2024-04-01,26.26,26.08
2024-03-08,2024-04-01,25.85,26.58
2024-03-11,2024-04-01,26.15,24.755
2024-03-12,2024-04-01,24.9,24.9
2024-03-13,2024-04-01,24.805,24.63
2024-03-14,2024-04-01,24.6,26.375
2024-03-15,2024-04-01,26.4,27.3
2024-03-18,2024-04-01,27.285,29.1
2024-03-19,2024-04-01,29.01,29.15
2024-03-20,2024-04-01,28.78,27.275
2024-03-21,2024-04-01,27.3,26.675
2024-03-22,2024-04-01,26.45,27.36
2024-03-25,2024-04-01,27.525,28.055
2024-03-26,2024-04-01,28.0,27.55
2024-03-27,2024-04-01,27.1,27.64
2024-04-02,2024-05-01,27.25,26.3
2024-04-03,2024-05-01,26.17,25.79
2024-04-04,2024-05-01,25.785,25.975
2024-04-05,2024-05-01,26.265,26.84
2024-04-08,2024-05-01,26.45,27.8
2024-04-09,2024-05-01,27.745,27.365
2024-04-10,2024-05-01,27.025,27.385
2024-04-11,2024-05-01,27.615,29.45
2024-04-12,2024-05-01,29.375,30.79
2024-04-15,2024-05-01,30.745,31.4
2024-04-16,2024-05-01,31.45,33.5
2024-04-17,2024-05-01,33.245,31.9
2024-04-18,2024-05-01,31.5,32.135
2024-04-19,2024-05-01,32.805,30.695
2024-04-22,2024-05-01,30.25,29.08
2024-04-23,2024-05-01,29.315,28.59
2024-04-24,2024-05-01,28.505,29.13
2024-04-25,2024-05-01,29.47,29.9
2024-04-26,2024-05-01,29.975,29.35
2024-04-29,2024-05-01,28.845,28.15
2024-04-30,2024-06-01,28.0,29.375
2024-05-01,2024-06-01,29.25,28.91
2024-05-02,2024-06-01,29.045,30.9
2024-05-03,2024-06-01,30.9,30.07
2024-05-06,2024-06-01,30.45,31.83
2024-05-07,2024-06-01,31.525,30.705
2024-05-08,2024-06-01,30.84,30.69
2024-05-09,2024-06-01,30.59,30.975
2024-05-10,2024-06-01,30.805,29.87
2024-05-13,2024-06-01,30.0,29.705
2024-05-14,2024-06-01,29.895,29.65
2024-05-15,2024-06-01,29.53,29.475
2024-05-16,2024-06-01,29.5,30.575
2024-05-17,2024-06-01,30.55,30.8
2024-05-20,2024-06-01,31.1,31.71
2024-05-21,2024-06-01,31.725,32.9
2024-05-22,2024-06-01,32.825,34.765
2024-05-23,2024-06-01,34.77,35.37
2024-05-24,2024-06-01,35.39,33.97
2024-05-27,2024-06-01,33.9,35.0
2024-05-28,2024-06-01,35.0,33.545
2024-05-29,2024-06-01,33.6,33.83
2024-05-30,2024-06-01,33.8,34.85
2024-05-31,2024-07-01,35.0,34.69
2024-06-03,2024-07-01,35.09,36.155
2024-06-04,2024-07-01,36.2,34.095
2024-06-05,2024-07-01,33.9,33.395
2024-06-06,2024-07-01,33.385,33.105
2024-06-07,2024-07-01,32.9,33.2
2024-06-10,2024-07-01,33.11,34.44
2024-06-11,2024-07-01,34.2,34.17
2024-06-12,2024-07-01,34.155,35.0
2024-06-13,2024-07-01,35.2,35.795
2024-06-14,2024-07-01,35.575,35.5
2024-06-17,2024-07-01,35.305,34.29
2024-06-18,2024-07-01,34.185,34.67
2024-06-19,2024-07-01,34.65,35.35
2024-06-20,2024-07-01,35.295,34.445
2024-06-21,2024-07-01,34.45,33.95
2024-06-24,2024-07-01,33.85,34.6
2024-06-25,2024-07-01,34.42,34.54
2024-06-26,2024-07-01,34.7,34.055
2024-06-27,2024-07-01,34.1,34.3
2024-06-28,2024-08-01,34.5,34.505
2024-07-01,2024-08-01,34.455,33.445
2024-07-02,2024-08-01,33.435,33.55
2024-07-03,2024-08-01,33.5,32.79
2024-07-04,2024-08-01,32.845,33.49
2024-07-05,2024-08-01,33.555,33.05
2024-07-08,2024-08-01,32.99,32.15
2024-07-09,2024-08-01,32.445,31.1
2024-07-10,2024-08-01,31.245,30.66
2024-07-11,2024-08-01,30.85,31.11
2024-07-12,2024-08-01,31.295,31.585
2024-07-15,2024-08-01,31.69,31.695
2024-07-16,2024-08-01,32.08,32.8
2024-07-17,2024-08-01,33.095,31.555
2024-07-18,2024-08-01,31.745,32.35
2024-07-19,2024-08-01,32.695,31.73
2024-07-22,2024-08-01,31.705,31.89
2024-07-23,2024-08-01,31.705,31.375
2024-07-24,2024-08-01,31.545,32.7
2024-07-25,2024-08-01,32.495,32.045
2024-07-26,2024-08-01,32.045,32.375
2024-07-29,2024-08-01,32.2,33.85
2024-07-30,2024-08-01,33.9,34.54
2024-07-31,2024-09-01,35.25,35.72
2024-08-01,2024-09-01,35.895,36.92
2024-08-02,2024-09-01,36.9,37.105
2024-08-05,2024-09-01,36.895,35.82
2024-08-06,2024-09-01,36.0,36.59
2024-08-07,2024-09-01,36.94,38.75
2024-08-08,2024-09-01,38.505,40.31
2024-08-09,2024-09-01,40.385,40.06
2024-08-12,2024-09-01,39.83,39.82
2024-08-13,2024-09-01,39.55,39.365
2024-08-14,2024-09-01,39.205,38.9
2024-08-15,2024-09-01,38.83,39.65
2024-08-16,2024-09-01,39.575,39.44
2024-08-19,2024-09-01,39.4,39.525
2024-08-20,2024-09-01,39.495,38.16
2024-08-21,2024-09-01,38.01,37.24
2024-08-22,2024-09-01,37.01,36.72
2024-08-23,2024-09-01,36.995,36.625
2024-08-26,2024-09-01,36.845,37.75
2024-08-27,2024-09-01,37.995,38.73
2024-08-28,2024-09-01,38.555,38.3
2024-08-29,2024-09-01,38.42,38.98
2024-08-30,2024-10-01,39.17,39.4
2024-09-02,2024-10-01,39.5,38.59
2024-09-03,2024-10-01,38.48,37.0
2024-09-04,2024-10-01,36.9,35.64
2024-09-05,2024-10-01,35.83,35.865
2024-09-06,2024-10-01,36.4,36.35
2024-09-09,2024-10-01,36.8,37.2
2024-09-10,2024-10-01,37.34,35.585
2024-09-11,2024-10-01,35.31,36.155
2024-09-12,2024-10-01,35.85,35.25
2024-09-13,2024-10-01,35.245,35.75
2024-09-16,2024-10-01,35.23,34.325
2024-09-17,2024-10-01,34.1,35.58
2024-09-18,2024-10-01,35.825,35.63
2024-09-19,2024-10-01,35.51,33.05
2024-09-20,2024-10-01,34.0,34.61
2024-09-23,2024-10-01,35.0,36.185
2024-09-24,2024-10-01,36.295,36.135
2024-09-25,2024-10-01,36.24,37.575
2024-09-26,2024-10-01,37.525,37.585
2024-09-27,2024-10-01,37.75,38.05
2024-09-30,2024-11-01,38.985,38.69
2024-10-01,2024-11-01,38.6,39.285
2024-10-02,2024-11-01,40.25,38.895
2024-10-03,2024-11-01,38.8,39.75
2024-10-04,2024-11-01,39.75,40.75
2024-10-07,2024-11-01,40.49,41.0
2024-10-08,2024-11-01,40.25,38.57
2024-10-09,2024-11-01,39.0,38.555
2024-10-10,2024-11-01,38.6,40.08
2024-10-11,2024-11-01,40.205,39.745
2024-10-14,2024-11-01,39.6,40.575
2024-10-15,2024-11-01,39.6,40.13
2024-10-16,2024-11-01,40.0,39.495
2024-10-17,2024-11-01,39.485,39.59
2024-10-18,2024-11-01,39.515,39.39
2024-10-21,2024-11-01,39.295,40.025
2024-10-22,2024-11-01,39.8,41.075
2024-10-23,2024-11-01,40.99,41.435
2024-10-24,2024-11-01,41.72,42.295
2024-10-25,2024-11-01,42.37,43.6
2024-10-28,2024-11-01,42.35,42.65
2024-10-29,2024-11-01,42.6,42.31
2024-10-30,2024-11-01,42.0,41.06
2024-10-31,2024-12-01,41.5,38.65
2024-11-01,2024-12-01,38.85,38.935
2024-11-04,2024-12-01,39.2,40.52
2024-11-05,2024-12-01,40.51,40.405
2024-11-06,2024-12-01,40.055,40.715
2024-11-07,2024-12-01,40.6,41.6
2024-11-08,2024-12-01,41.6,42.07
2024-11-11,2024-12-01,41.63,43.965
2024-11-12,2024-12-01,43.93,43.55
2024-11-13,2024-12-01,43.225,43.905
2024-11-14,2024-12-01,45.5,46.37
2024-11-15,2024-12-01,46.0,45.745
2024-11-18,2024-12-01,45.35,47.15
2024-11-19,2024-12-01,47.0,46.01
2024-11-20,2024-12-01,45.595,46.625
2024-11-21,2024-12-01,46.95,48.72
2024-11-22,2024-12-01,48.8,46.935
2024-11-25,2024-12-01,47.05,47.91
2024-11-26,2024-12-01,47.5,46.575
2024-11-27,2024-12-01,46.48,46.46
2024-11-28,2024-12-01,46.8,46.26
2024-11-29,2025-01-01,46.75,47.92
2024-12-02,2025-01-01,48.3,48.535
2024-12-03,2025-01-01,48.65,48.455
2024-12-04,2025-01-01,48.0,47.28
2024-12-05,2025-01-01,47.75,46.475
2024-12-06,2025-01-01,46.205,46.55
2024-12-09,2025-01-01,46.35,44.93
2024-12-10,2025-01-01,44.8,45.67
2024-12-11,2025-01-01,45.535,44.72
2024-12-12,2025-01-01,44.715,42.55
2024-12-13,2025-01-01,42.7,41.125
2024-12-16,2025-01-01,40.18,39.5
2024-12-17,2025-01-01,39.8,42.01
2024-12-18,2025-01-01,42.105,41.15
2024-12-19,2025-01-01,41.5,43.535
2024-12-20,2025-01-01,43.715,43.84
2024-12-23,2025-01-01,43.95,45.75
2024-12-24,2025-01-01,45.875,46.19
2024-12-27,2025-01-01,47.0,47.765
2024-12-30,2025-01-01,48.875,47.95
2024-12-31,2025-02-01,48.24,50.525
2025-01-02,2025-02-01,50.555,49.725
2025-01-03,2025-02-01,49.975,49.6
2025-01-06,2025-02-01,49.395,47.21
2025-01-07,2025-02-01,47.0,47.92
2025-01-08,2025-02-01,47.975,45.1
2025-01-09,2025-02-01,44.95,45.225
2025-01-10,2025-02-01,45.0,45.445
2025-01-13,2025-02-01,46.4,48.25
2025-01-14,2025-02-01,48.28,47.305
2025-01-15,2025-02-01,47.4,47.1
2025-01-16,2025-02-01,46.7,46.43
2025-01-17,2025-02-01,46.375,47.4
2025-01-20,2025-02-01,46.795,47.75
2025-01-21,2025-02-01,47.895,49.72
2025-01-22,2025-02-01,50.0,48.795
2025-01-23,2025-02-01,49.42,49.35
2025-01-24,2025-02-01,49.55,49.77
2025-01-27,2025-02-01,48.695,47.925
2025-01-28,2025-02-01,48.37,48.46
2025-01-29,2025-02-01,48.94,51.485
2025-01-30,2025-02-01,51.1,51.515
2025-01-31,2025-03-01,51.51,53.65
2025-02-03,2025-03-01,54.395,53.85
2025-02-04,2025-03-01,53.4,52.355
2025-02-05,2025-03-01,52.15,53.4
2025-02-06,2025-03-01,53.75,54.19
2025-02-07,2025-03-01,54.19,55.98
2025-02-10,2025-03-01,56.675,58.245
2025-02-11,2025-03-01,57.77,56.415
2025-02-12,2025-03-01,56.3,56.075
2025-02-13,2025-03-01,54.5,51.01
2025-02-14,2025-03-01,50.15,50.885
2025-02-17,2025-03-01,49.88,47.735
2025-02-18,2025-03-01,47.55,49.9
2025-02-19,2025-03-01,49.75,47.045
2025-02-20,2025-03-01,47.035,47.47
2025-02-21,2025-03-01,47.6,45.945
2025-02-24,2025-03-01,46.52,47.345
2025-02-25,2025-03-01,47.0,43.99
2025-02-26,2025-03-01,43.85,41.41
2025-02-27,2025-03-01,41.05,45.1
